link,reference_time,article_time,title,text,author,tags
https://kostroma.today/news/kostromskoj-millioner-zapravil-shtany-v-noski-i-raspolozhil-k-sebe-podpischikov/,2024-06-02 01:18:01.405579,2022-02-05 07:35:03+03:00,–ö–æ—Å—Ç—Ä–æ–º—Å–∫–æ–π –º–∏–ª–ª–∏–æ–Ω–µ—Ä –∑–∞–ø—Ä–∞–≤–∏–ª —à—Ç–∞–Ω—ã –≤ –Ω–æ—Å–∫–∏ –∏ —Ä–∞—Å–ø–æ–ª–æ–∂–∏–ª –∫ —Å–µ–±–µ –ø–æ–¥–ø–∏—Å—á–∏–∫–æ–≤,"–ê–Ω–¥—Ä–µ–π –®–µ–ª–µ—Å—Ç–æ–≤ –∑–∞—Ç—Ä–æ–Ω—É–ª –∏–Ω—Ç–µ—Ä–µ—Å–Ω—É—é —Ç–µ–º—É, –ø–æ—ç—Ç–æ–º—É –∫–æ–º–º–µ–Ω—Ç–∞—Ä–∏–µ–≤ –æ—á–µ–Ω—å –º–Ω–æ–≥–æ.–ö–æ—Å—Ç—Ä–æ–º—Å–∫–æ–π –º–∏–ª–ª–∏–æ–Ω–µ—Ä –ê–Ω–¥—Ä–µ–π –®–µ–ª–µ—Å—Ç–æ–≤ –ø–æ—Ö–≤–∞—Å—Ç–∞–ª—Å—è –ø–æ–¥–ø–∏—Å—á–∏–∫–∞–º –Ω–æ–≤—ã–º –Ω–∞—Ä—è–¥–æ–º, —É–∑–Ω–∞–ª KOSTROMA.TODAY.–û—Å–æ–±—ã–π –∞–∫—Ü–µ–Ω—Ç –≤ –ø–æ–¥–ø–∏—Å–∏ –ø–æ–¥ —Ñ–æ—Ç–æ –æ–Ω —Å–¥–µ–ª–∞–ª –Ω–∞ –Ω–æ—Å–∫–∞—Ö.¬´–ü–∏—à–µ—Ç–µ, —á—Ç–æ –±—Ä—é–∫–∏ –≤ –Ω–æ—Å–∫–∏ –∑–∞–ø—Ä–∞–≤–ª—è—Ç—å –Ω–µ–∫—Ä–∞—Å–∏–≤–æ. –ò –Ω–µ —Å—Ç–∏–ª—å–Ω–æ, –∏ –Ω–µ–ø—Ä–∞–≤–∏–ª—å–Ω–æ.. –û—Ç–≤–µ—á–∞—é: –ø—Ä–∞–≤–∏–ª—å–Ω–æ ‚Äî —Ä–∞–±–æ—Ç–∞—Ç—å, –¥—É–º–∞—Ç—å –æ –ª—é–¥—è—Ö, —Å—Ç–∞—Ä–∞—Ç—å—Å—è —á—Ç–æ-—Ç–æ –∏–∑–º–µ–Ω–∏—Ç—å. –í —Å–µ–±–µ –ø—Ä–µ–∂–¥–µ –≤—Å–µ–≥–æ. –ê –Ω–æ—Å–∫–∏ –º–æ–∂–Ω–æ –Ω–æ—Å–∏—Ç—å –∫–∞–∫ —É–≥–æ–¥–Ω–æ. –ò–ª–∏ –≤–æ–æ–±—â–µ –Ω–µ –Ω–æ—Å–∏—Ç—å. –ê –µ—Å–ª–∏ –Ω–æ—Å–∏—Ç—å, —Ç–æ –º–µ–Ω—è—Ç—å –≤–æ–≤—Ä–µ–º—è. –í—ã –∂–µ –ø–æ–Ω–∏–º–∞–µ—Ç–µ —á—Ç–æ –¥–µ–ª–æ —Ç–æ –Ω–µ –≤ –Ω–æ—Å–∫–∞—Ö?¬ª ‚Äî –Ω–∞–ø–∏—Å–∞–ª –ê–Ω–¥—Ä–µ–π –≤ —Å–≤–æ–µ–º –ò–Ω—Å—Ç–∞–≥—Ä–∞–º–µ.–ü–æ–¥–ø–∏—Å—á–∏–∫–∏ –æ—Ü–µ–Ω–∏–ª–∏ —Ñ–∏–ª–æ—Å–æ—Ñ—Å–∫–∏–µ –º—ã—Å–ª–∏ –∫–æ—Å—Ç—Ä–æ–º–∏—á–∞, –Ω–æ –≤—Å–µ —Ä–∞–≤–Ω–æ —Å—Ç–∞–ª–∏ —Ä–∞—Å—Å—É–∂–¥–∞—Ç—å, –≤ –æ—Å–Ω–æ–≤–Ω–æ–º, –∏–º–µ–Ω–Ω–æ –æ –Ω–æ—Å–∫–∞—Ö, –∞ –Ω–µ –æ —á–µ–ª–æ–≤–µ—á–µ—Å–∫–∏—Ö –∫–∞—á–µ—Å—Ç–≤–∞—Ö.¬´–ù–µ —Ç—Ä—É—Å—ã –Ω–∞ —É—à–∏‚Ä¶—É–∂–µ —Ö–æ—Ä–æ—à–æ¬ª, ¬´–ú–æ–¥–∞ –∏–∑ –Ω–æ–≤–æ–≥–æ –º–∏—Ä–∞. –ù–∞–º –Ω–µ –ø–æ–Ω—è—Ç—å¬ª, ¬´–ò–Ω—Ç–µ—Ä–µ—Å–Ω–æ –µ—Å–ª–∏ —è —Ç–∞–∫ –Ω–∞ —Ä–∞–±–æ—Ç—É –ø—Ä–∏–¥—É, —á—Ç–æ –º–Ω–µ —Å–∫–∞–∂–µ—Ç —Ä–∞–±–æ—Ç–æ–¥–∞—Ç–µ–ª—å?¬ª, ¬´–° —Ü–µ–Ω–∞–º–∏ –Ω–∞ –æ—Ä–∏–≥–∏–Ω–∞–ª—å–Ω—ã–µ –ö–†–û–°–´, —è –±—ã –Ω–æ—Å–∫–∏ –ø—Ä—è–º –Ω–∞ –∫—Ä–æ—Å—ã –æ–¥–µ–≤–∞–ª¬ª, ¬´–ö–æ–Ω–µ—á–Ω–æ –∑–∞–ø—Ä–∞–≤–ª—è–π, —ç—Ç–æ –∂–µ –æ–≥–æ–Ω—å. –í –¥–µ—Ä–µ–≤–Ω—è—Ö –¥–µ–¥—É—à–∫–∏ —Ç–∞–∫ –¥–µ–ª–∞—é—Ç, –ø–æ–ª—É—á–∞–µ—Ç—Å—è –æ–Ω–∏ –≤ —Ç–µ–º–µ¬ª, ‚Äî –Ω–∞–ø–∏—Å–∞–ª–∏ –∫–æ–º–º–µ–Ω—Ç–∞—Ç–æ—Ä—ã (–æ—Ä—Ñ–æ–≥—Ä–∞—Ñ–∏—è –∏ –ø—É–Ω–∫—Ç—É–∞—Ü–∏—è –∞–≤—Ç–æ—Ä–æ–≤ —Å–æ—Ö—Ä–∞–Ω–µ–Ω—ã).–ü—Ä–∞–≤–¥–∞, –æ–∫–∞–∑–∞–ª–∏—Å—å –∏ —Ç–µ, –∫—Ç–æ –æ—Ç–º–µ—Ç–∏–ª, —á—Ç–æ –ê–Ω–¥—Ä–µ–π –∞–±—Å–æ–ª—é—Ç–Ω–æ –ø—Ä–∞–≤, –∏, –≥–ª–∞–≤–Ω–æ–µ, –Ω–µ –æ–±—Ä–∞–∑, –∞ —Å–∞–º —á–µ–ª–æ–≤–µ–∫, –∫–∞–∫ –≤ —Ç–æ–π —Å—Ç–∞—Ä–æ–π –ø–æ—Å–ª–æ–≤–∏—Ü–µ ¬´–ù–µ –æ–¥–µ–∂–¥–∞ –∫—Ä–∞—Å–∏—Ç —á–µ–ª–æ–≤–µ–∫–∞, –∞ —á–µ–ª–æ–≤–µ–∫ –æ–¥–µ–∂–¥—É¬ª.–°–∞–º –º–∏–ª–ª–∏–æ–Ω–µ—Ä, –∫—Å—Ç–∞—Ç–∏, –æ—Ç–≤–µ—Ç–∏–ª –Ω–∞ –≤—Å–µ –∫–æ–º–º–µ–Ω—Ç–∞—Ä–∏–∏ —Å–ø–æ–∫–æ–π–Ω–æ, –¥–∞–∂–µ –Ω–∞ —Ç–µ, –≥–¥–µ –Ω–∞–ø–∏—Å–∞–Ω–æ –ø—Ä–æ –¥–µ–¥—É—à–µ–∫. –ê –µ—â–µ —Å–∫–∞–∑–∞–ª, —á—Ç–æ –æ—á–µ–Ω—å —Å—Ç–∞—Ä–∞–ª—Å—è, –∫–æ–≥–¥–∞ –≤—ã–±–∏—Ä–∞–ª –Ω–∞—Ä—è–¥ –∏ –¥–∞–∂–µ –ø–æ—Å–æ–≤–µ—Ç–æ–≤–∞–ª—Å—è —Å –¥—Ä—É–∑—å—è–º–∏.–ö–æ—Å—Ç—Ä–æ–º—Å–∫–æ–π –±–∏–∑–Ω–µ—Å–º–µ–Ω –ê–Ω–¥—Ä–µ–π –®–µ–ª–µ—Å—Ç–æ–≤ –Ω–∞–∑—ã–≤–∞–µ—Ç —Å–µ–±—è ¬´–æ—Ä—É–∂–µ–π–Ω—ã–º –±–∞—Ä–æ–Ω–æ–º¬ª, –ø–æ—Ç–æ–º—É —á—Ç–æ –≤–ª–∞–¥–µ–µ—Ç —Å–µ—Ç—å—é –æ—Ä—É–∂–µ–π–Ω—ã—Ö –º–∞–≥–∞–∑–∏–Ω–æ–≤ –ø–æ –≤—Å–µ–π –†–æ—Å—Å–∏–∏, —É –Ω–µ–≥–æ –µ—Å—Ç—å —Å–≤–æ–π —Ä–µ—Å—Ç–æ—Ä–∞–Ω, –æ–≥—Ä–æ–º–Ω—ã–π –æ—Å–æ–±–Ω—è–∫ –∏ –≤–µ—Ä—Ç–æ–ª–µ—Ç. –¢–∞–∫–∂–µ –æ–Ω –∞–∫—Ç–∏–≤–Ω–æ –≤–µ–¥–µ—Ç —Å–≤–æ–π –±–ª–æ–≥ –≤ –ò–Ω—Å—Ç–∞–≥—Ä–∞–º–µ, –≥–¥–µ –Ω–∞–∫–æ–ø–∏–ª–æ—Å—å —É–∂–µ –±–æ–ª—å—à–µ 500 —Ç—ã—Å—è—á –ø–æ–¥–ø–∏—Å—á–∏–∫–æ–≤.",–ú–∞—Ä–∏—è –†–û–ì–ê–ù–û–í–ê,
https://kostroma.today/news/kostromicha-lishili-prav-za-otorvannyj-na-zapravke-pistolet/,2024-06-02 01:17:41.530822,2023-06-03 16:30:32+03:00,–ö–æ—Å—Ç—Ä–æ–º–∏—á–∞ –ª–∏—à–∏–ª–∏ –ø—Ä–∞–≤ –∑–∞ –æ—Ç–æ—Ä–≤–∞–Ω–Ω—ã–π –Ω–∞ –∑–∞–ø—Ä–∞–≤–∫–µ –ø–∏—Å—Ç–æ–ª–µ—Ç,"–ú—É–∂—á–∏–Ω—É –ø—Ä–∏–≤–ª–µ–∫–ª–∏ –∫ –æ—Ç–≤–µ—Ç—Å—Ç–≤–µ–Ω–Ω–æ—Å—Ç–∏ –ø–æ —Å—Ç–∞—Ç—å–µ ""–û—Å—Ç–∞–≤–ª–µ–Ω–∏–µ –º–µ—Å—Ç–∞ –î–¢–ü"".–û—Ç–æ—Ä–≤–∞–Ω–Ω—ã–π –Ω–∞ –∑–∞–ø—Ä–∞–≤–∫–µ –ø–∏—Å—Ç–æ–ª–µ—Ç –ø—Ä–∏—Ä–∞–≤–Ω—è–ª–∏ –∫ –î–¢–ü, —É–∑–Ω–∞–ª KOSTROMA.TODAY. –ö–∞–∫ –Ω–∞–º —É–¥–∞–ª–æ—Å—å —É–∑–Ω–∞—Ç—å, –º—É–∂—á–∏–Ω–∞ –Ω–æ—á—å—é –ø—Ä–∏–µ—Ö–∞–ª –Ω–∞ –∑–∞–ø—Ä–∞–≤–∫—É, –Ω–æ –∑–∞–±—ã–ª –≤—ã–Ω—É—Ç—å –∏–∑ –±–∞–∫–∞ –ø–∏—Å—Ç–æ–ª–µ—Ç, –ø–æ–µ—Ö–∞–ª —Å –Ω–∏–º –∏, —Å–æ–æ—Ç–≤–µ—Ç—Å—Ç–≤–µ–Ω–Ω–æ, –µ–≥–æ –æ—Ç–æ—Ä–≤–∞–ª. –ü–æ—Å–ª–µ —ç—Ç–æ–≥–æ –æ–Ω –≤–µ—Ä–Ω—É–ª—Å—è, –ø–æ–ª–æ–∂–∏–ª –ø–∏—Å—Ç–æ–ª–µ—Ç –∫ –∫–æ–ª–æ–Ω–∫–µ –∏ —É–µ—Ö–∞–ª.–≠—Ç–æ—Ç —ç–ø–∏–∑–æ–¥ –ø—Ä–∏—Ä–∞–≤–Ω—è–ª–∏ –∫ –î–¢–ü, –ø–æ—ç—Ç–æ–º—É –ø—Ä–æ—Ç–∏–≤ –º—É–∂—á–∏–Ω—ã —Å–æ—Å—Ç–∞–≤–∏–ª–∏ –ø—Ä–æ—Ç–æ–∫–æ–ª –ø–æ —Å—Ç–∞—Ç—å–µ ¬´–û—Å—Ç–∞–≤–ª–µ–Ω–∏–µ –º–µ—Å—Ç–∞ –î–¢–ü¬ª –∏ –ª–∏—à–∏–ª–∏ –ø—Ä–∞–≤ –Ω–∞ –≥–æ–¥. –ù–æ –≤–æ–¥–∏—Ç–µ–ª—å –æ–±–∂–∞–ª–æ–≤–∞–ª —Ä–µ—à–µ–Ω–∏–µ –º–∏—Ä–æ–≤–æ–≥–æ —Å—É–¥—å–∏.¬´–°—á–∏—Ç–∞–ª –Ω–∞—Ä—É—à–µ–Ω–∏–µ –º–∞–ª–æ–∑–Ω–∞—á–∏—Ç–µ–ª—å–Ω—ã–º. –ü–æ—Å–ª–µ —Å–ª—É—á–∏–≤—à–µ–≥–æ—Å—è –æ–Ω —Ä–∞—Å—Ç–µ—Ä—è–ª—Å—è, —Ä–µ—à–∏–ª, —á—Ç–æ –¥–∞–Ω–Ω–æ–µ –ø—Ä–æ–∏—Å—à–µ—Å—Ç–≤–∏–µ –Ω–µ —è–≤–ª—è–µ—Ç—Å—è –î–¢–ü. –ü–æ–∑–¥–Ω–µ–µ –æ–Ω –≤–æ–∑–º–µ—Å—Ç–∏–ª —É—â–µ—Ä–± –∑–∞–ø—Ä–∞–≤–∫–µ, –ø–æ—Ç–µ—Ä–ø–µ–≤—à–∞—è —Å—Ç–æ—Ä–æ–Ω–∞ –ø—Ä–µ—Ç–µ–Ω–∑–∏–π –∫ –Ω–µ–º—É –Ω–µ –∏–º–µ–µ—Ç¬ª, ‚Äî –≥–æ–≤–æ—Ä–∏—Ç—Å—è –≤ —Å–æ–æ–±—â–µ–Ω–∏–∏ –ø—Ä–µ—Å—Å-—Å–ª—É–∂–±—ã –ö–æ—Å—Ç—Ä–æ–º—Å–∫–æ–≥–æ –æ–±–ª–∞—Å—Ç–Ω–æ–≥–æ —Å—É–¥–∞. –û–¥–Ω–∞–∫–æ —Å—É–¥ –≤—ã—à–µ—Å—Ç–æ—è—â–µ–π –∏–Ω—Å—Ç–∞–Ω—Ü–∏–∏ –æ—Ç–∫–ª–æ–Ω–∏–ª –¥–æ–≤–æ–¥—ã, –æ—Ç–º–µ—Ç–∏–≤, —á—Ç–æ –æ—Å—Ç–∞–≤–ª–µ–Ω–∏–µ –º–µ—Å—Ç–∞ –î–¢–ü —è–≤–ª—è–µ—Ç—Å—è –≥—Ä—É–±—ã–º –Ω–∞—Ä—É—à–µ–Ω–∏–µ–º –ø—Ä–∞–≤–∏–ª, –∞ —É—â–µ—Ä–± –º—É–∂—á–∏–Ω–∞ –≤–æ–∑–º–µ—Å—Ç–∏–ª —Ç–æ–ª—å–∫–æ –ø–æ—Å–ª–µ —Ç–æ–≥–æ, –∫–∞–∫ –≤–ª–∞–¥–µ–ª–µ—Ü –∑–∞–ø—Ä–∞–≤–∫–∏ –Ω–∞–ø–∏—Å–∞–ª –∑–∞—è–≤–ª–µ–Ω–∏–µ –≤ –ø–æ–ª–∏—Ü–∏—é.",–ú–∞—Ä—Ñ–∞ –í–ê–°–ò–õ–¨–ï–í–ê,
https://www.bnkomi.ru/data/news/172285,2024-06-02 01:32:09.265227,,–î–ª—è –∫–∞–ø—Ä–µ–º–æ–Ω—Ç–∞ –¥–µ—Ç—Å–∫–æ–π —à–∫–æ–ª—ã –∏—Å–∫—É—Å—Å—Ç–≤ –≤ –ï–º–≤–µ –ø—Ä–∏—à–ª–æ—Å—å –∑–∞–∫–ª—é—á–∏—Ç—å –Ω–æ–≤—ã–π –∫–æ–Ω—Ç—Ä–∞–∫—Ç,"–° –ø–µ—Ä–≤—ã–º –ø–æ–¥—Ä—è–¥—á–∏–∫–æ–º –Ω–µ –ø–æ–ª—É—á–∏–ª–æ—Å—å ‚Äî –æ–Ω –Ω–µ –ø—Ä–∏—Å—Ç—É–ø–∏–ª –∫ —Ä–∞–±–æ—Ç–µ, –≤—Ç–æ—Ä–æ–π –æ—Ç –≤—Å–µ–≥–æ –æ—Ç–∫–∞–∑–∞–ª—Å—è. –í –∏—Ç–æ–≥–µ –¥–æ–≥–æ–≤–æ—Ä –ø–æ–¥–ø–∏—Å–∞–ª–∏ —Å —Ç—Ä–µ—Ç—å–∏–º, –Ω–æ —Ä–µ–º–æ–Ω—Ç —Å—Ç–∞–ª —Å—Ç–æ–∏—Ç—å –¥–æ—Ä–æ–∂–µ.–§–æ—Ç–æ –ø—Ä–µ—Å—Å-—Å–ª—É–∂–±—ã –ì–æ—Å—Å–æ–≤–µ—Ç–∞ –ö–æ–º–∏–í —è–Ω–≤–∞—Ä–µ —ç—Ç–æ–≥–æ –≥–æ–¥–∞ —Ñ–∏–Ω–∞–Ω—Å–æ–≤–æ–µ —É–ø—Ä–∞–≤–ª–µ–Ω–∏–µ –∞–¥–º–∏–Ω–∏—Å—Ç—Ä–∞—Ü–∏–∏ –ö–Ω—è–∂–ø–æ–≥–æ—Å—Ç—Å–∫–æ–≥–æ —Ä–∞–π–æ–Ω–∞ —Ä–∞–∑–º–µ—Å—Ç–∏–ª–æ –Ω–∞ –ø–æ—Ä—Ç–∞–ª–µ –≥–æ—Å–∑–∞–∫—É–ø–æ–∫ –∞—É–∫—Ü–∏–æ–Ω –Ω–∞ –≤—ã–ø–æ–ª–Ω–µ–Ω–∏–µ –∫–∞–ø–∏—Ç–∞–ª—å–Ω–æ–≥–æ —Ä–µ–º–æ–Ω—Ç–∞ –∑–¥–∞–Ω–∏—è –¥–µ—Ç—Å–∫–æ–π —à–∫–æ–ª—ã –∏—Å–∫—É—Å—Å—Ç–≤ –≤ –ï–º–≤–µ –ø–æ –∞–¥—Ä–µ—Å—É: —É–ª–∏—Ü–∞ –î–∑–µ—Ä–∂–∏–Ω—Å–∫–æ–≥–æ, 72. –ù–∞—á–∞–ª—å–Ω–∞—è —Ü–µ–Ω–∞ –∫–æ–Ω—Ç—Ä–∞–∫—Ç–∞ —Å–æ—Å—Ç–∞–≤–ª—è–ª–∞ 54,4 –º–ª–Ω —Ä—É–±–ª–µ–π. –í –ø—Ä–æ–µ–∫—Ç–µ –∫–æ–Ω—Ç—Ä–∞–∫—Ç–∞ —É–∫–∞–∑–∞–Ω–æ, —á—Ç–æ –≤ —Å—É–º–º—É –≤—Ö–æ–¥—è—Ç —Å—Ä–µ–¥—Å—Ç–≤–∞ —Ñ–µ–¥–µ—Ä–∞–ª—å–Ω–æ–≥–æ, —Ä–µ—Å–ø—É–±–ª–∏–∫–∞–Ω—Å–∫–æ–≥–æ –∏ –º–µ—Å—Ç–Ω–æ–≥–æ –±—é–¥–∂–µ—Ç–æ–≤.
–ù–∞ —Ç–æ—Ä–≥–∏ –∑–∞—è–≤–∏–ª–∏—Å—å –ø—è—Ç—å —É—á–∞—Å—Ç–Ω–∏–∫–æ–≤, –ø–æ–±–µ–¥–∏—Ç–µ–ª–µ–º –ø—Ä–∏–∑–Ω–∞–ª–∏ –∏–Ω–¥–∏–≤–∏–¥—É–∞–ª—å–Ω–æ–≥–æ –ø—Ä–µ–¥–ø—Ä–∏–Ω–∏–º–∞—Ç–µ–ª—è –≠–ª—å–º–∞–Ω–∞ –®–∞—Ö–≤–µ—Ä–∞–Ω–æ–≤–∞, –∫–æ—Ç–æ—Ä—ã–π —Å–æ–≥–ª–∞—Å–∏–ª—Å—è –≤—ã–ø–æ–ª–Ω–∏—Ç—å —Ä–∞–±–æ—Ç—É –∑–∞ 44,3 –º–ª–Ω —Ä—É–±–ª–µ–π. –°–æ–≥–ª–∞—Å–Ω–æ —É—Å–ª–æ–≤–∏—è–º –∫–æ–Ω—Ç—Ä–∞–∫—Ç–∞, –¥–µ–º–æ–Ω—Ç–∞–∂–Ω—ã–µ —Ä–∞–±–æ—Ç—ã –¥–æ–ª–∂–Ω—ã –±—ã–ª–∏ –Ω–∞—á–∞—Ç—å—Å—è 26 —Ñ–µ–≤—Ä–∞–ª—è, –æ—Ç–¥–µ–ª–æ—á–Ω—ã–µ ‚Äî 1 –º–∞—Ä—Ç–∞, –º–æ–Ω—Ç–∞–∂ –∏–Ω–∂–µ–Ω–µ—Ä–Ω—ã—Ö —Å–µ—Ç–µ–π ‚Äî 15 –º–∞—Ä—Ç–∞. –ù–æ –≥—Ä–∞—Ñ–∏–∫ –Ω–µ —Å–æ–±–ª—é–¥–∞–ª—Å—è ‚Äî –Ω–∞ –∫–æ–Ω—Ç—Ä–æ–ª—å–Ω—ã–µ –¥–∞—Ç—ã –ø–æ–¥—Ä—è–¥—á–∏–∫ –∫ —Ä–∞–±–æ—Ç–∞–º –¥–∞–∂–µ –Ω–µ –ø—Ä–∏—Å—Ç—É–ø–∏–ª. –ü–æ—ç—Ç–æ–º—É —à–∫–æ–ª–∞ –ø—Ä–∏–Ω—è–ª–∞ —Ä–µ—à–µ–Ω–∏–µ —Ä–∞—Å—Ç–æ—Ä–≥–Ω—É—Ç—å –∫–æ–Ω—Ç—Ä–∞–∫—Ç –≤ –æ–¥–Ω–æ—Å—Ç–æ—Ä–æ–Ω–Ω–µ–º –ø–æ—Ä—è–¥–∫–µ.
–°–¥–µ–ª–∞—Ç—å –∫–∞–ø—Ä–µ–º–æ–Ω—Ç –ø—Ä–µ–¥–ª–æ–∂–∏–ª–∏ —É—á–∞—Å—Ç–Ω–∏–∫—É —Ç–æ—Ä–≥–æ–≤ –ø–æ–¥ –≤—Ç–æ—Ä—ã–º –Ω–æ–º–µ—Ä–æ–º ‚Äî —ç—Ç–æ –±—ã–ª–∞ —Å—Ç—Ä–æ–∏—Ç–µ–ª—å–Ω–∞—è —Ñ–∏—Ä–º–∞ ¬´–û—Å–Ω–æ–≤–∞¬ª, –∫–æ—Ç–æ—Ä–∞—è –≤—ã—à–ª–∞ –Ω–∞ –∞—É–∫—Ü–∏–æ–Ω —Å —Ü–µ–Ω–æ–π –≤ 44,6 –º–ª–Ω —Ä—É–±–ª–µ–π. –ù–æ –æ–Ω–∞ –æ—Ç–∫–∞–∑–∞–ª–∞—Å—å –æ—Ç –∑–∞–∫–ª—é—á–µ–Ω–∏—è –∫–æ–Ω—Ç—Ä–∞–∫—Ç–∞.
–ê –≤–æ—Ç —Ç—Ä–µ—Ç–∏–π —É—á–∞—Å—Ç–Ω–∏–∫ —Ç–æ—Ä–≥–æ–≤ ‚Äî –û–û–û ¬´–°—Ç—Ä–æ–∏—Ç–µ–ª—å–Ω–∞—è —Ñ–∏—Ä–º–∞ ¬´–õ–∞–ª–≤–∞—Ä¬ª ‚Äî —Å–æ–≥–ª–∞—Å–∏–ª–∞—Å—å. –ö–æ–Ω—Ç—Ä–∞–∫—Ç —Å –Ω–µ–π –±—ã–ª –∑–∞–∫–ª—é—á–µ–Ω –≤ –∫–æ–Ω—Ü–µ –∞–ø—Ä–µ–ª—è –Ω–∞ —Å—É–º–º—É –≤ 50,6 –º–ª–Ω —Ä—É–±–ª–µ–π (—ç—Ç–æ –±–æ–ª—å—à–µ, —á–µ–º —Å—Ç–æ–∏–º–æ—Å—Ç—å –ø–æ –ø–µ—Ä–≤–æ–º—É –¥–æ–≥–æ–≤–æ—Ä—É, –Ω–æ –º–µ–Ω—å—à–µ, —á–µ–º –∏–∑–Ω–∞—á–∞–ª—å–Ω–æ –ø–ª–∞–Ω–∏—Ä–æ–≤–∞–ª–æ—Å—å –ø–æ—Ç—Ä–∞—Ç–∏—Ç—å). –í –∫–æ–Ω–∫—É—Ä—Å–Ω–æ–π –¥–æ–∫—É–º–µ–Ω—Ç–∞—Ü–∏–∏ –±—ã–ª–æ –ø—Ä–æ–ø–∏—Å–∞–Ω–æ, —á—Ç–æ —Ä–µ–º–æ–Ω—Ç –Ω–∞–¥–æ —Å–¥–µ–ª–∞—Ç—å –∑–∞ —Å–µ–º—å –º–µ—Å—è—Ü–µ–≤. –ï—Å–ª–∏ —Ñ–∏—Ä–º–∞ —É–ª–æ–∂–∏—Ç—Å—è –≤ —ç—Ç–∏ —Å—Ä–æ–∫–∏, —Ç–æ —Ä–∞–±–æ—Ç—ã –±—É–¥—É—Ç –∑–∞–≤–µ—Ä—à–µ–Ω—ã –µ—â–µ –¥–æ –Ω–æ–≤–æ–≥–æ –≥–æ–¥–∞.
–°–æ–≥–ª–∞—Å–Ω–æ —Å–º–µ—Ç–µ, –∫–∞–ø—Ä–µ–º–æ–Ω—Ç –ø—Ä–µ–¥–ø–æ–ª–∞–≥–∞–µ—Ç –∑–∞–º–µ–Ω—É –æ–∫–æ–Ω –∏ –¥–≤–µ—Ä–µ–π, –¥–µ–º–æ–Ω—Ç–∞–∂ —Å—Ç–∞—Ä—ã—Ö –∏ –∫–ª–∞–¥–∫—É –Ω–µ–∫–æ—Ç–æ—Ä—ã—Ö –≤–Ω—É—Ç—Ä–µ–Ω–Ω–∏—Ö —Å—Ç–µ–Ω –∏ –ø–µ—Ä–µ–≥–æ—Ä–æ–¥–æ–∫, —Ä–∞–∑–±–æ—Ä–∫—É –≤—Å—Ç—Ä–æ–µ–Ω–Ω—ã—Ö —à–∫–∞—Ñ–æ–≤ –∏ —É—Å—Ç—Ä–æ–π—Å—Ç–≤–æ –Ω–æ–≤—ã—Ö —à–∫–∞—Ñ–Ω—ã—Ö —Å—Ç–µ–Ω–æ–∫, –∑–≤—É–∫–æ- –∏ —à—É–º–æ–∏–∑–æ–ª—è—Ü–∏—é –Ω–µ–∫–æ—Ç–æ—Ä—ã—Ö –ø–æ–º–µ—â–µ–Ω–∏–π, –∑–∞–º–µ–Ω—É –ø–æ–ª–æ–≤ –∏ —É—Å—Ç—Ä–æ–π—Å—Ç–≤–æ –ø–æ–¥–≤–µ—Å–Ω—ã—Ö –ø–æ—Ç–æ–ª–∫–æ–≤, –æ—Ç–¥–µ–ª–æ—á–Ω—ã–µ —Ä–∞–±–æ—Ç—ã, —Ä–µ–º–æ–Ω—Ç –∫—Ä–æ–≤–ª–∏, —Å–∏—Å—Ç–µ–º –≤–æ–¥–æ—Å–Ω–∞–±–∂–µ–Ω–∏—è, –∫–∞–Ω–∞–ª–∏–∑–∞—Ü–∏–∏, –æ—Ç–æ–ø–ª–µ–Ω–∏—è, —Ç–µ–ø–ª–æ–≤–æ–≥–æ —É–∑–ª–∞, —Å–∏—Å—Ç–µ–º—ã –∫–æ–Ω—Ç—Ä–æ–ª—è –¥–æ—Å—Ç—É–ø–∞.
–û–±—ä–µ–∫—Ç 31 –º–∞—è –ø–æ—Å–µ—Ç–∏–ª –ø—Ä–µ–¥—Å–µ–¥–∞—Ç–µ–ª—å –ì–æ—Å—É–¥–∞—Ä—Å—Ç–≤–µ–Ω–Ω–æ–≥–æ —Å–æ–≤–µ—Ç–∞ –ö–æ–º–∏ –°–µ—Ä–≥–µ–π –£—Å–∞—á–µ–≤ –∏ –≥–ª–∞–≤–∞ –ö–Ω—è–∂–ø–æ–≥–æ—Å—Ç—Å–∫–æ–≥–æ —Ä–∞–π–æ–Ω–∞ –ê–Ω–∞—Ç–æ–ª–∏–π –ù–µ–º—á–∏–Ω–æ–≤. –ö–∞–∫ —Å–æ–æ–±—â–∞–µ—Ç –ø—Ä–µ—Å—Å-—Å–ª—É–∂–±–∞ —Ä–µ–≥–∏–æ–Ω–∞–ª—å–Ω–æ–≥–æ –ø–∞—Ä–ª–∞–º–µ–Ω—Ç–∞, —Å–µ–π—á–∞—Å –Ω–æ–≤—ã–π –ø–æ–¥—Ä—è–¥—á–∏–∫ –∑–∞–Ω–∏–º–∞–µ—Ç—Å—è –¥–µ–º–æ–Ω—Ç–∞–∂–µ–º –∫–æ–Ω—Å—Ç—Ä—É–∫—Ü–∏–π, –¥–æ –∫–æ–Ω—Ü–∞ –≥–æ–¥–∞ —Å—Ç—Ä–æ–∏—Ç–µ–ª–∏ –¥–æ–ª–∂–Ω—ã –æ—Ç—Ä–µ–º–æ–Ω—Ç–∏—Ä–æ–≤–∞—Ç—å —Ñ–∞—Å–∞–¥, –∫—Ä—ã–ª—å—Ü–æ, –∫—Ä–æ–≤–ª—é –∏ –≤–Ω—É—Ç—Ä–µ–Ω–Ω–∏–µ –ø–æ–º–µ—â–µ–Ω–∏—è.
¬´–ì–ª–∞–≤–Ω–æ–µ, —á—Ç–æ —É—á–µ–±–Ω—ã–π –ø—Ä–æ—Ü–µ—Å—Å –Ω–µ –æ—Å—Ç–∞–Ω–æ–≤–ª–µ–Ω, –≤–æ—Å–ø–∏—Ç–∞–Ω–Ω–∏–∫–∏ –±—É–¥—É—Ç –≤—Ä–µ–º–µ–Ω–Ω–æ –∑–∞–Ω–∏–º–∞—Ç—å—Å—è –≤ –¥—Ä—É–≥–∏—Ö —É—á—Ä–µ–∂–¥–µ–Ω–∏—è—Ö. –†–∞–±–æ—Ç—ã –≤–µ–¥—É—Ç—Å—è –ø–æ –≥—Ä–∞—Ñ–∏–∫—É, –ø–æ–¥ –∫–æ–Ω—Ç—Ä–æ–ª–µ–º –∞–¥–º–∏–Ω–∏—Å—Ç—Ä–∞—Ü–∏–∏, –ø–æ—ç—Ç–æ–º—É –ù–æ–≤—ã–π –≥–æ–¥ –¥–µ—Ç–∏ –¥–æ–ª–∂–Ω—ã –≤—Å—Ç—Ä–µ—Ç–∏—Ç—å —É–∂–µ –≤ –æ–±–Ω–æ–≤–ª–µ–Ω–Ω–æ–π —à–∫–æ–ª–µ¬ª, ‚Äî —Å–∫–∞–∑–∞–ª –°–µ—Ä–≥–µ–π –£—Å–∞—á–µ–≤.
*** –î–µ—Ç—Å–∫–∞—è —à–∫–æ–ª–∞ –∏—Å–∫—É—Å—Å—Ç–≤ –≤ –ï–º–≤–µ –±—ã–ª–∞ –æ–±—Ä–∞–∑–æ–≤–∞–Ω–∞ –≤ 1962 –≥–æ–¥—É –∫–∞–∫ –º—É–∑—ã–∫–∞–ª—å–Ω–∞—è —à–∫–æ–ª–∞. –í 1991 –≥–æ–¥—É —Ä–∞–π–æ–Ω–Ω–∞—è –∞–¥–º–∏–Ω–∏—Å—Ç—Ä–∞—Ü–∏—è –ø—Ä–µ–¥–æ—Å—Ç–∞–≤–∏–ª–∞ –¥–ª—è —É—á—Ä–µ–∂–¥–µ–Ω–∏—è –¥–æ–ø–æ–ª–Ω–∏—Ç–µ–ª—å–Ω–æ–≥–æ –æ–±—Ä–∞–∑–æ–≤–∞–Ω–∏—è –±–æ–ª—å—à–æ–µ –∑–¥–∞–Ω–∏–µ –≤ —Ü–µ–Ω—Ç—Ä–µ –≥–æ—Ä–æ–¥–∞, —á—Ç–æ –¥–∞–ª–æ –≤–æ–∑–º–æ–∂–Ω–æ—Å—Ç—å –æ—Ç–∫—Ä—ã—Ç—å –Ω–æ–≤—ã–µ –æ—Ç–¥–µ–ª–µ–Ω–∏—è.
–ö–∏—Ä–∏–ª–ª –ù–∞—É–º–æ–≤",,
https://kostroma.today/news/otopitelnyj-sezon-vozobnovlyayut-v-kostromskoj-oblasti/,2024-06-02 01:15:32.741140,2024-05-03 14:45:00+03:00,–û—Ç–æ–ø–∏—Ç–µ–ª—å–Ω—ã–π —Å–µ–∑–æ–Ω –≤–æ–∑–æ–±–Ω–æ–≤–ª—è—é—Ç –≤ –ö–æ—Å—Ç—Ä–æ–º—Å–∫–æ–π –æ–±–ª–∞—Å—Ç–∏,"–ù–æ –Ω–µ –≤–µ–∑–¥–µ.–í –Ω–µ–∫–æ—Ç–æ—Ä—ã—Ö —Ä–∞–π–æ–Ω–∞—Ö –ö–æ—Å—Ç—Ä–æ–º—Å–∫–æ–π –æ–±–ª–∞—Å—Ç–∏ –≤–∫–ª—é—á–∏–ª–∏ –æ—Ç–æ–ø–ª–µ–Ω–∏–µ, —É–∑–Ω–∞–ª KOSTROMA.TODAY. –í —á–∞—Å—Ç–Ω–æ—Å—Ç–∏, –æ —Å–≤–æ–µ–º —Ä–µ—à–µ–Ω–∏–µ –æ–±—ä—è–≤–∏–ª–∞ –∞–¥–º–∏–Ω–∏—Å—Ç—Ä–∞—Ü–∏—è –ö–æ—Å—Ç—Ä–æ–º—Å–∫–æ–≥–æ —Ä–∞–π–æ–Ω–∞.¬´–° 3 –ø–æ 10 –º–∞—è 2024 –≥–æ–¥–∞ –Ω–∞ —Ç–µ—Ä—Ä–∏—Ç–æ—Ä–∏–∏ –ö–æ—Å—Ç—Ä–æ–º—Å–∫–æ–≥–æ –º—É–Ω–∏—Ü–∏–ø–∞–ª—å–Ω–æ–≥–æ —Ä–∞–π–æ–Ω–∞ –≤–æ–∑–æ–±–Ω–æ–≤–ª—ë–Ω –æ—Ç–æ–ø–∏—Ç–µ–ª—å–Ω—ã–π –ø–µ—Ä–∏–æ–¥. –°–æ–æ—Ç–≤–µ—Ç—Å—Ç–≤—É—é—â–µ–µ –ø–æ—Å—Ç–∞–Ω–æ–≤–ª–µ–Ω–∏–µ –ø–æ–¥–ø–∏—Å–∞–Ω–æ¬ª, ‚Äî –æ—Ç–º–µ—Ç–∏–ª–∏ —á–∏–Ω–æ–≤–Ω–∏–∫–∏.–ñ–∏—Ç–µ–ª–∏ –ö–æ—Å—Ç—Ä–æ–º—ã, —É–∑–Ω–∞–≤ –æ —Ç–∞–∫–æ–º –ø–æ–ª–æ–∂–µ–Ω–∏–∏ –¥–µ–ª, —Ç–æ–∂–µ –ø–æ—Ç—Ä–µ–±–æ–≤–∞–ª–∏ —Ç–µ–ø–ª–∞, –ø–æ—Ç–æ–º—É —á—Ç–æ —Å—Ç–∞–ª–æ —Ä–µ–∑–∫–æ —Ö–æ–ª–æ–¥–∞—Ç—å –Ω–∞ —É–ª–∏—Ü–µ.¬´–ó–∞–ø—É—Å–∫ —Ü–µ–Ω—Ç—Ä–∞–ª—å–Ω–æ–≥–æ —Ç–µ–ø–ª–æ—Å–Ω–∞–±–∂–µ–Ω–∏—è —è–≤–ª—è–µ—Ç—Å—è —Å–ª–æ–∂–Ω—ã–º —Ç–µ—Ö–Ω–æ–ª–æ–≥–∏—á–µ—Å–∫–∏–º –ø—Ä–æ—Ü–µ—Å—Å–æ–º, —Å–≤—è–∑–∞–Ω–Ω—ã–º —Å —É—Å—Ç–∞–Ω–æ–≤–ª–µ–Ω–∏–µ–º –∑–∏–º–Ω–µ–≥–æ –≥–∏–¥—Ä–∞–≤–ª–∏—á–µ—Å–∫–æ–≥–æ —Ä–µ–∂–∏–º–∞. –≠—Ç–æ –∑–∞–Ω–∏–º–∞–µ—Ç –Ω–µ –º–µ–Ω–µ–µ 7 –¥–Ω–µ–π, –≤ —Å–≤—è–∑–∏ —Å —á–µ–º –≤–æ–∑–æ–±–Ω–æ–≤–ª–µ–Ω–∏–µ –æ—Ç–æ–ø–∏—Ç–µ–ª—å–Ω–æ–≥–æ –ø–µ—Ä–∏–æ–¥–∞ –≤ –Ω–∞—Å—Ç–æ—è—â–µ–µ –≤—Ä–µ–º—è –Ω–µ –∑–∞–ø–ª–∞–Ω–∏—Ä–æ–≤–∞–Ω–æ¬ª, ‚Äî —Ä–∞—Å—Å–∫–∞–∑–∞–ª–∏ –≤ —É–ø—Ä–∞–≤–ª–µ–Ω–∏–∏ –ñ–ö–•.–ù–∞–ø–æ–º–Ω–∏–º, –æ—Ç–æ–ø–ª–µ–Ω–∏–µ –≤ –∫–≤–∞—Ä—Ç–∏—Ä–∞—Ö –≥–æ—Ä–æ–∂–∞–Ω –æ—Ç–∫–ª—é—á–∏–ª–∏ 25 –∞–ø—Ä–µ–ª—è.",–ú–∞—Ä—Ñ–∞ –í–ê–°–ò–õ–¨–ï–í–ê,
https://www.bnkomi.ru/data/news/172299/,2024-06-02 01:31:03.812447,,–í –ö–æ–º–∏ –ø—Ä–∏–¥–µ—Ç —Ü–∏–∫–ª–æ–Ω —Å –∑–∞–ø–∞–¥–∞,"–û–∂–∏–¥–∞—é—Ç—Å—è –¥–æ–∂–¥–∏ –∏ –≥—Ä–æ–∑—ã.–§–æ—Ç–æ –∏–∑ –∞—Ä—Ö–∏–≤–∞ –ë–ù–ö–ö–∞–∫ —Å–æ–æ–±—â–∞–µ—Ç –ö–æ–º–∏ –¶–ì–ú–°, —Å –Ω–∞—á–∞–ª–æ–º –∫–∞–ª–µ–Ω–¥–∞—Ä–Ω–æ–≥–æ –ª–µ—Ç–∞ –≤ –∞—Ç–º–æ—Å—Ñ–µ—Ä–µ –Ω–∞—á–Ω–µ—Ç—Å—è –∏ –ø–µ—Ä–µ—Å—Ç—Ä–æ–π–∫–∞ —Å–∏–Ω–æ–ø—Ç–∏—á–µ—Å–∫–∏—Ö –ø—Ä–æ—Ü–µ—Å—Å–æ–≤ ‚Äî –≤ –≤—ã—Ö–æ–¥–Ω—ã–µ –¥–Ω–∏ –Ω–∞ —é–≥–æ-–∑–∞–ø–∞–¥–µ —Ä–µ—Å–ø—É–±–ª–∏–∫–∏, –Ω–∞ –Ω–µ–¥–µ–ª–µ –Ω–∞ –±–æ–ª—å—à–µ–π —á–∞—Å—Ç–∏ —Ç–µ—Ä—Ä–∏—Ç–æ—Ä–∏–∏ —Ä–µ—Å–ø—É–±–ª–∏–∫–∏ –ø—Ä–æ–∏–∑–æ–π–¥—ë—Ç –∑–∞–º–µ—Ç–Ω–æ–µ –ø–æ–≤—ã—à–µ–Ω–∏–µ —Ç–µ–º–ø–µ—Ä–∞—Ç—É—Ä—ã –≤–æ–∑–¥—É—Ö–∞.
–û–∂–∏–¥–∞–µ—Ç—Å—è, —á—Ç–æ –Ω–∞ —é–≥–æ- –∑–∞–ø–∞–¥–µ —Ä–µ—Å–ø—É–±–ª–∏–∫–∏ –≤ –≤—ã—Ö–æ–¥–Ω—ã–µ –¥–Ω–∏ —Ç–µ–º–ø–µ—Ä–∞—Ç—É—Ä–∞ –ø–æ–≤—ã—Å–∏—Ç—Å—è –¥–æ +23...+28–°, –Ω–∞ –æ—Å—Ç–∞–ª—å–Ω–æ–π —Ç–µ—Ä—Ä–∏—Ç–æ—Ä–∏–∏ –¥–æ +12...+17–°, –Ω–∞ –∫—Ä–∞–π–Ω–µ–º —Å–µ–≤–µ—Ä–æ-–≤–æ—Å—Ç–æ–∫–µ —Ç–µ–º–ø–µ—Ä–∞—Ç—É—Ä–∞ —Å–æ—Å—Ç–∞–≤–∏—Ç 0...+5–°. –ü–æ–¥ –≤–ª–∏—è–Ω–∏–µ–º –æ–±–ª–∞—Å—Ç–∏ –ø–æ–≤—ã—à–µ–Ω–Ω–æ–≥–æ –∞—Ç–º–æ—Å—Ñ–µ—Ä–Ω–æ–≥–æ –¥–∞–≤–ª–µ–Ω–∏—è —Å—É—â–µ—Å—Ç–≤–µ–Ω–Ω—ã—Ö –æ—Å–∞–¥–∫–æ–≤ –Ω–µ –æ–∂–∏–¥–∞–µ—Ç—Å—è, –ª–∏—à—å –≤ –æ—Ç–¥–µ–ª—å–Ω—ã—Ö —Ü–µ–Ω—Ç—Ä–∞–ª—å–Ω—ã—Ö –∏ —é–∂–Ω—ã—Ö —Ä–∞–π–æ–Ω–∞—Ö –≤ –≤–æ—Å–∫—Ä–µ—Å–µ–Ω—å–µ –ø—Ä–æ–π–¥—É—Ç –∫—Ä–∞—Ç–∫–æ–≤—Ä–µ–º–µ–Ω–Ω—ã–µ –¥–æ–∂–¥–∏.
–ù–∞ –Ω–µ–¥–µ–ª–µ —Å–æ–ª–Ω–µ—á–Ω—ã–π –∞–Ω—Ç–∏—Ü–∏–∫–ª–æ–Ω —É—Å—Ç—É–ø–∏—Ç –º–µ—Å—Ç–æ —Ü–∏–∫–ª–æ–Ω—É —Å –∑–∞–ø–∞–¥–∞. –ü–æ–≥–æ–¥–∞ —Å—Ç–∞–Ω–µ—Ç –±–æ–ª–µ–µ –æ–±–ª–∞—á–Ω–æ–π —Å —á–∞—Å—Ç—ã–º–∏ –∫—Ä–∞—Ç–∫–æ–≤—Ä–µ–º–µ–Ω–Ω—ã–º–∏ –¥–æ–∂–¥—è–º–∏, –ø—Ä–∏ —ç—Ç–æ–º –Ω–µ –∏—Å–∫–ª—é—á–µ–Ω—ã –∏ –≥—Ä–æ–∑—ã. –¢–µ–º–ø–µ—Ä–∞—Ç—É—Ä–∞ –≤–æ–∑–¥—É—Ö–∞ –æ—Å—Ç–∞–Ω–µ—Ç—Å—è –ª–µ—Ç–Ω–µ–π +22...+27–° –¥–Ω—ë–º –∏ +8...+13–° –Ω–æ—á—å—é, –Ω–æ –ø—Ä–∏ –Ω–∞—Ç–µ–∫–∞–Ω–∏–∏ –æ–±–ª–∞–∫–æ–≤ –∏ –¥–æ–∂–¥–µ –¥–Ω—ë–º –ø—Ä–æ—Ö–ª–∞–¥–Ω–µ–µ +13...18–°.
–ò –∑–∞–º–µ—Ç–Ω–æ –æ—Ç–ª–∏—á–∞—Ç—å—Å—è –±—É–¥–µ—Ç –ø–æ–≥–æ–¥–∞ –≤ —Ä–∞–π–æ–Ω–∞—Ö –ó–∞–ø–æ–ª—è—Ä—å—è –Ω–æ—á—å—é –∑–¥–µ—Å—å –µ—â—ë –¥–æ -6–°, –¥–Ω—ë–º –¥–æ +5...+7–°.",,
https://kostroma.today/news/grigorij-leps-vpervye-prokommentiroval-incident-s-poklonnicej-v-kostrome/,2024-06-02 01:14:02.995457,2024-04-21 10:35:55+03:00,–ì—Ä–∏–≥–æ—Ä–∏–π –õ–µ–ø—Å –≤–ø–µ—Ä–≤—ã–µ –ø—Ä–æ–∫–æ–º–º–µ–Ω—Ç–∏—Ä–æ–≤–∞–ª –∏–Ω—Ü–∏–¥–µ–Ω—Ç —Å –ø–æ–∫–ª–æ–Ω–Ω–∏—Ü–µ–π –≤ –ö–æ—Å—Ç—Ä–æ–º–µ,"–û–Ω —Å–∫–∞–∑–∞–ª, —á—Ç–æ –∫–æ—Å—Ç—Ä–æ–º–∏—á–∫–∞ –µ–≥–æ –¥–æ–≤–µ–ª–∞.–ì—Ä–∏–≥–æ—Ä–∏–π –õ–µ–ø—Å –≤–ø–µ—Ä–≤—ã–µ –≤—ã—Å–∫–∞–∑–∞–ª—Å—è –ø–æ—Å–ª–µ –∏–Ω—Ü–∏–¥–µ–Ω—Ç–∞ –Ω–∞ –∫–æ–Ω—Ü–µ—Ä—Ç–µ –≤ –ö–æ—Å—Ç—Ä–æ–º–µ, —É–∑–Ω–∞–ª KOSTROMA.TODAY.–ù–∞–ø–æ–º–Ω–∏–º, –∞—Ä—Ç–∏—Å—Ç –≤—ã—Å—Ç—É–ø–∞–ª –≤ –Ω–∞—à–µ–º –≥–æ—Ä–æ–¥–µ 13 –∞–ø—Ä–µ–ª—è, –≤ –∑–∞–ª–µ –±—ã–ª —Å–æ–ª–¥-–∞—É—Ç. –ü–µ—Ä–µ–¥ –∑–∞–≤–µ—Ä—à–µ–Ω–∏–µ–º –∫–æ–Ω—Ü–µ—Ä—Ç–∞ –∑—Ä–∏—Ç–µ–ª–∏ –ø–æ–¥–æ—à–ª–∏ –≤–ø–ª–æ—Ç–Ω—É—é –∫ —Å—Ü–µ–Ω–µ –∏ –Ω–∞—á–∞–ª–∏ —Å–Ω–∏–º–∞—Ç—å –∞—Ä—Ç–∏—Å—Ç–∞ –Ω–∞ —Ç–µ–ª–µ—Ñ–æ–Ω. –í–æ –≤—Ä–µ–º—è –∏–∑–≤–µ—Å—Ç–Ω–æ–π –ø–µ—Å–Ω–∏ ¬´–í–æ–¥–æ–ø–∞–¥–æ–º¬ª –ì—Ä–∏–≥–æ—Ä–∏–π –∑–∞–º–µ—Ç–∏–ª, —á—Ç–æ –æ–¥–Ω–∞ –¥–µ–≤—É—à–∫–∞ —Å–Ω–∏–º–∞–µ—Ç –µ–≥–æ –æ—á–µ–Ω—å –±–ª–∏–∑–∫–æ, –ø–æ—ç—Ç–æ–º—É –≤–µ–∂–ª–∏–≤–æ –ø–æ–ø—Ä–æ—Å–∏–ª —ç—Ç–æ–≥–æ –Ω–µ –¥–µ–ª–∞—Ç—å. –ù–æ –ø–æ–∫–ª–æ–Ω–Ω–∏—Ü–∞ –¥–∞–∂–µ –Ω–µ –æ–±—Ä–∞—Ç–∏–ª–∞ –≤–Ω–∏–º–∞–Ω–∏—è –Ω–∞ –∑–∞–º–µ—á–∞–Ω–∏–µ, –∞ –ø—Ä–æ–¥–æ–ª–∂–∏–ª–∞ —Å–Ω–∏–º–∞—Ç—å. –ü–æ—Å–ª–µ —ç—Ç–æ–≥–æ –∞—Ä—Ç–∏—Å—Ç –≤—ã–±–∏–ª —Ç–µ–ª–µ—Ñ–æ–Ω –¥–µ–≤—É—à–∫–∏ —Ä—É–∫–æ–π, –∏ –æ–Ω –æ—Ç–ª–µ—Ç–µ–ª –≤ —Ç–æ–ª–ø—É.–ù–∞–∫–∞–Ω—É–Ω–µ –ì—Ä–∏–≥–æ—Ä–∏–π –õ–µ–ø—Å –≤–ø–µ—Ä–≤—ã–µ –ø—Ä–æ–∫–æ–º–º–µ–Ω—Ç–∏—Ä–æ–≤–∞–ª —Å–∏—Ç—É–∞—Ü–∏—é –ø–æ—Ä—Ç–∞–ª—É ¬´–°—Ç—Ä–∞—Å—Ç–∏.—Ä—É¬ª. –û–Ω –∑–∞—è–≤–∏–ª, —á—Ç–æ –Ω–µ –∂–∞–ª–µ–µ—Ç –æ —Å–≤–æ–µ–º –ø–æ—Å—Ç—É–ø–∫–µ –∏ –æ—Ç–º–µ—Ç–∏–ª, —á—Ç–æ —Ñ–∞–Ω–∞—Ç–∫–∞ –≤—ã–≤–µ–ª–∞ –µ–≥–æ –∏–∑ —Å–µ–±—è. –¢–∞–∫–∂–µ —Å–≤–æ–µ –æ—Ç–Ω–æ—à–µ–Ω–∏–µ –∫ —Ñ–∞–Ω–∞—Ç–∫–µ –æ—Ç –≤—ã—Ä–∞–∑–∏–ª –º–∞—Ç–æ–º.¬´–î–≤–∞ —Ä–∞–∑–∞ –ø—Ä–µ–¥—É–ø—Ä–µ–∂–¥–∞–ª. –û–Ω–∞ –º–µ–Ω—è —É—Å–ª—ã—à–∞–ª–∞, –Ω–æ –ø–ª–æ—Ö–æ, –≤–∏–¥–∏–º–æ, —Å —É—à–∞–º–∏¬ª, ‚Äî –æ—Ç–º–µ—Ç–∏–ª –∞—Ä—Ç–∏—Å—Ç.–ü—Ä–∏ —ç—Ç–æ–º –º–Ω–æ–≥–∏–µ –∫–æ—Å—Ç—Ä–æ–º–∏—á–∏ –≤ —Å–æ—Ü—Å–µ—Ç—è—Ö –∑–∞—Å—Ç—É–ø–∏–ª–∏—Å—å –∑–∞ –ì—Ä–∏–≥–æ—Ä–∏—è –õ–µ–ø—Å–∞ –∏ –ø–∏—Å–∞–ª–∏, —á—Ç–æ –∑–≤–µ–∑–¥ –Ω–µ –Ω—É–∂–Ω–æ —Å–Ω–∏–º–∞—Ç—å –≤–ø—Ä–∏—Ç—ã–∫.",–ï–ª–∏–∑–∞–≤–µ—Ç–∞ –í–ò–®–ù–ï–í–°–ö–ê–Ø,
https://backend.alpha.kapi.bar/v1/posts/3d892e6c-f543-4c35-8145-205d41757f5c/,2024-06-02 00:26:43.476128,2024-05-22 04:32:56.068500+00:00,"–†–æ—Å—Å–∏–π—Å–∫–∏–µ —É—á–µ–Ω—ã–µ —Å–æ–∑–¥–∞–ª–∏ –ø–µ—Ä–≤—ã–π –≤ –º–∏—Ä–µ –≥–µ–ª—å, –∫–æ—Ç–æ—Ä—ã–π –≤–æ—Å—Å—Ç–∞–Ω–∞–≤–ª–∏–≤–∞–µ—Ç –∫–æ—Å—Ç—å —Å–æ —Å—Ç–æ–ø—Ä–æ—Ü–µ–Ω—Ç–Ω–æ–π –∏–¥–µ–Ω—Ç–∏—á–Ω–æ—Å—Ç—å—é","–ò—Å—Å–ª–µ–¥–æ–≤–∞—Ç–µ–ª–∏ –∏–∑ –í–æ–ª–≥–æ–≥—Ä–∞–¥—Å–∫–æ–≥–æ –≥–æ—Å—É–¥–∞—Ä—Å—Ç–≤–µ–Ω–Ω–æ–≥–æ –º–µ–¥–∏—Ü–∏–Ω—Å–∫–æ–≥–æ —É–Ω–∏–≤–µ—Ä—Å–∏—Ç–µ—Ç–∞ —Å–æ–∑–¥–∞–ª–∏ –ø–µ—Ä–≤—ã–π –≤ –º–∏—Ä–µ –±–∏–æ–∞—Å—Å–∏–º–∏–ª–∏—Ä—É–µ–º—ã–π –≥–µ–ª—å –¥–ª—è —Ä–µ–≥–µ–Ω–µ—Ä–∞—Ü–∏–∏, –∫–æ—Ç–æ—Ä—ã–π –≤–æ—Å—Å—Ç–∞–Ω–∞–≤–ª–∏–≤–∞–µ—Ç –∫–æ—Å—Ç–∏ –ø–æ—Å–ª–µ —Ä–∞–Ω, –≤ —Ç–æ–º —á–∏—Å–ª–µ –æ—Ç –∫—Ä—É–ø–Ω—ã—Ö –æ—Å–∫–æ–ª–æ—á–Ω—ã—Ö –∏ –ø—É–ª–µ–≤—ã—Ö —Ä–∞–Ω–µ–Ω–∏–π. –¢–∞–∫–∞—è –∫–æ—Å—Ç–Ω–∞—è —Ç–∫–∞–Ω—å –ø–æ—Å–ª–µ —Ä–µ–≥–µ–Ω–µ—Ä–∞—Ü–∏–∏ –∏–¥–µ–Ω—Ç–∏—á–Ω–∞ –Ω–∞—Å—Ç–æ—è—â–µ–π.
–û —Ä–∞–∑—Ä–∞–±–æ—Ç–∫–µ —Å–æ–æ–±—â–∏–ª –¢–ê–°–° —Å–æ —Å—Å—ã–ª–∫–æ–π –Ω–∞ –¥–æ–∫—Ç–æ—Ä–∞ —Ñ–∞—Ä–º–∞—Ü–µ–≤—Ç–∏—á–µ—Å–∫–∏—Ö –Ω–∞—É–∫, –∑–∞–≤–µ–¥—É—é—â–µ–≥–æ –∫–∞—Ñ–µ–¥—Ä–æ–π —Ç–µ—Ö–Ω–æ–ª–æ–≥–∏–∏ –ª–µ–∫–∞—Ä—Å—Ç–≤ –ø—è—Ç–∏–≥–æ—Ä—Å–∫–æ–≥–æ —Ñ–∏–ª–∏–∞–ª–∞ –í–æ–ª–≥–ì–ú–£ –î–º–∏—Ç—Ä–∏—è –ö–æ–º–ø–∞–Ω—Ü–µ–≤–∞. –ì–µ–ª—å –ø—Ä–µ–¥—Å—Ç–∞–≤–ª—è–µ—Ç —Å–æ–±–æ–π –ø–∏—Ç–∞—Ç–µ–ª—å–Ω–æ-—Å—Ç—Ä–æ–∏—Ç–µ–ª—å–Ω—É—é —Å–º–µ—Å—å —Å–æ —Å–ª–æ–∂–Ω—ã–º —Å–æ—Å—Ç–∞–≤–æ–º, —É—Å–∏–ª–µ–Ω–Ω—ã–º –∞–∫—Ç–∏–≤–∞—Ç–æ—Ä–∞–º–∏ —Ä–µ–≥–µ–Ω–µ—Ä–∞—Ü–∏–∏, —á—Ç–æ —Å—Ç–∏–º—É–ª–∏—Ä—É–µ—Ç –æ—Ä–≥–∞–Ω–∏–∑–º –≤–æ—Å—Å—Ç–∞–Ω–∞–≤–ª–∏–≤–∞—Ç—å –∫–æ—Å—Ç–Ω—É—é —Ç–∫–∞–Ω—å.
–ü—Ä–∏—á–µ–º –∏–¥–µ–Ω—Ç–∏—á–Ω–æ—Å—Ç—å —Ç–∞–∫–∏—Ö –∫–æ—Å—Ç–µ–π —Å–æ—Å—Ç–∞–≤–ª—è–µ—Ç 100 –ø—Ä–æ—Ü–µ–Ω—Ç–æ–≤, –ø–æ—Å–∫–æ–ª—å–∫—É –æ–Ω–∏ —Å–∏–Ω—Ç–µ–∑–∏—Ä–æ–≤–∞–Ω—ã —Å–æ–±—Å—Ç–≤–µ–Ω–Ω—ã–º–∏ –∫–ª–µ—Ç–∫–∞–º–∏ –æ—Å—Ç–µ–æ—Ñ–∏—Ç–æ–≤ ‚Äî –Ω–∞—Ä–æ—Å—Ç–æ–≤, –æ–±—Ä–∞–∑—É—é—â–∏—Ö—Å—è –ø–æ –∫—Ä–∞—è–º —Å—É—Å—Ç–∞–≤–æ–≤. –ü–æ —Å–ª–æ–≤–∞–º —É—á–µ–Ω—ã—Ö, –∑–∞—Ä–µ–≥–∏—Å—Ç—Ä–∏—Ä–æ–≤–∞–Ω–Ω—ã—Ö –∞–Ω–∞–ª–æ–≥–æ–≤ –ø–æ–¥–æ–±–Ω–æ–≥–æ –ø–æ —Å–æ—Å—Ç–∞–≤—É –≥–µ–ª—è –Ω–∞ —Å–µ–≥–æ–¥–Ω—è –Ω–µ—Ç –≤ –º–∏—Ä–µ.
–ë–∏–æ–∏–Ω–µ—Ä—Ç–Ω—ã–µ –∫–æ—Å—Ç–Ω–æ–∑–∞–º–µ—Å—Ç–∏—Ç–µ–ª—å–Ω—ã–µ –º–∞—Ç–µ—Ä–∏–∞–ª—ã –Ω–∞ —Ä—ã–Ω–∫–µ –º–µ–¥–∏—Ü–∏–Ω—Å–∫–∏—Ö –ø—Ä–æ–¥—É–∫—Ç–æ–≤, –∫–æ–Ω–µ—á–Ω–æ, –ø—Ä–∏—Å—É—Ç—Å—Ç–≤—É—é—Ç. –ù–æ –Ω–æ–≤–∏–Ω–∫–∞, –≤ –æ—Ç–ª–∏—á–∏–µ –æ—Ç –∞–Ω–∞–ª–æ–≥–æ–≤, –ø—Ä–µ–¥—Å—Ç–∞–≤–ª—è–µ—Ç —Å–æ–±–æ–π —Å–º–∞—Ä—Ç-—Å–∏—Å—Ç–µ–º—É, –∞–∫—Ç–∏–≤–∏–∑–∏—Ä—É—é—â—É—é –ø—Ä–æ—Ü–µ—Å—Å—ã –≤–æ—Å—Å—Ç–∞–Ω–æ–≤–ª–µ–Ω–∏—è —Ç–∫–∞–Ω–µ–π. –≠—Ç–æ –≥–µ–ª—å, –∞ –Ω–µ —Ç—Ä–∞–¥–∏—Ü–∏–æ–Ω–Ω—ã–π –ø–æ—Ä–æ—à–æ–∫ –¥–ª—è –∑–∞–ø–æ–ª–Ω–µ–Ω–∏—è –∫–æ—Å—Ç–Ω—ã—Ö –¥–µ—Ñ–µ–∫—Ç–æ–≤. –° –Ω–∏–º —É–¥–æ–±–Ω–µ–µ —Ä–∞–±–æ—Ç–∞—Ç—å —Ö–∏—Ä—É—Ä–≥–∞–º, –∞ –µ—â–µ –æ–Ω –ø–æ–ª–Ω–æ—Å—Ç—å—é –∑–∞–ø–æ–ª–Ω—è–µ—Ç —Ä–∞–Ω—É, –≥–ª—É–±–æ–∫–æ –ø—Ä–æ–Ω–∏–∫–∞—è –≤ —Å–∫—Ä—ã—Ç—ã–µ –ø–æ–ª–æ—Å—Ç–∏ –∏ –ø–ª–æ—Ç–Ω–æ –ø—Ä–∏–ª–µ–≥–∞—è –∫ –ø–æ–≤—Ä–µ–∂–¥–µ–Ω–Ω—ã–º —Ç–∫–∞–Ω—è–º.
–ì–µ–ª—å –º–æ–∂–Ω–æ –∏—Å–ø–æ–ª—å–∑–æ–≤–∞—Ç—å –∫–∞–∫ –¥–ª—è –ø—Ä–∏–æ–±—Ä–µ—Ç–µ–Ω–Ω—ã—Ö –ø–∞—Ç–æ–ª–æ–≥–∏–π, —Ç–∞–∫ –∏ –¥–ª—è –≤—Ä–æ–∂–¥–µ–Ω–Ω—ã—Ö –¥–µ—Ñ–µ–∫—Ç–æ–≤. –ù–∞–ø—Ä–∏–º–µ—Ä, –≤ —Ö–∏—Ä—É—Ä–≥–∏–∏ –∫–æ—Å—Ç–Ω—ã—Ö –∏ —Ö—Ä—è—â–µ–≤—ã—Ö —Ç–∫–∞–Ω–µ–π —á–µ–ª—é—Å—Ç–Ω–æ-–ª–∏—Ü–µ–≤–æ–π –æ–±–ª–∞—Å—Ç–∏, –≤ —Å—Ç–æ–º–∞—Ç–æ–ª–æ–≥–∏–∏, –¥–ª—è –ª–µ—á–µ–Ω–∏—è –ø—É–ª–µ–≤—ã—Ö –∏ –æ—Å–∫–æ–ª–æ—á–Ω—ã—Ö —Ä–∞–Ω–µ–Ω–∏–π.
–ì–µ–ª—å –æ–±–ª–∞–¥–∞–µ—Ç –ø–æ–≤—ã—à–µ–Ω–Ω–æ–π —Å–ø–æ—Å–æ–±–Ω–æ—Å—Ç—å—é –∫ –æ—Å—Ç–µ–æ–∏–Ω—Ç–µ–≥—Ä–∞—Ü–∏–∏ ‚Äî –ø—Ä–æ—Ü–µ—Å—Å—É, –ø—Ä–∏ –∫–æ—Ç–æ—Ä–æ–º –∂–∏–≤—ã–µ –∫–ª–µ—Ç–∫–∏ –∫–æ—Å—Ç–µ–π –ø—Ä–∏—Ä–∞—Å—Ç–∞—é—Ç –∫ –ø–æ–≤–µ—Ä—Ö–Ω–æ—Å—Ç–∏ –∏–º–ø–ª–∞–Ω—Ç–∞. –ü—Ä–µ–ø–∞—Ä–∞—Ç —Ç–∞–∫–∂–µ –æ–∫–∞–∑—ã–≤–∞–µ—Ç –∑–∞–∂–∏–≤–ª—è—é—â–µ–µ –∏ —Ä–µ–≥–µ–Ω–µ—Ä–∏—Ä—É—é—â–µ–µ –¥–µ–π—Å—Ç–≤–∏–µ.
–ú–µ—Ç–æ–¥–∏–∫—É —É–∂–µ –ø—Ä–æ—Ç–µ—Å—Ç–∏—Ä–æ–≤–∞–ª–∏ –Ω–∞ –∂–∏–≤–æ—Ç–Ω—ã—Ö —Å –∫–æ—Å—Ç–Ω—ã–º–∏ –¥–µ—Ñ–µ–∫—Ç–∞–º–∏, –∫–æ—Ç–æ—Ä—ã–µ –Ω–µ —Å–º–æ–≥–ª–∏ —Å–∞–º–æ—Å—Ç–æ—è—Ç–µ–ª—å–Ω–æ –∑–∞—Ä–∞—Å—Ç–∏. –ë–ª–∞–≥–æ–¥–∞—Ä—è –≥–µ–ª—é —ç—Ç–∏ –ø–∞—Ç–æ–ª–æ–≥–∏–∏ —É–¥–∞–ª–æ—Å—å –ø–æ–ª–Ω–æ—Å—Ç—å—é –≤–æ—Å—Å—Ç–∞–Ω–æ–≤–∏—Ç—å –∑–∞ —Å—á–µ—Ç —Å–æ–±—Å—Ç–≤–µ–Ω–Ω–æ–π –ø–æ–ª–Ω–æ—Ü–µ–Ω–Ω–æ–π –∫–æ—Å—Ç–Ω–æ–π —Ç–∫–∞–Ω–∏. –ü—Ä–∏—á–µ–º –±—ã–ª–∞ –≤–æ—Å—Å—Ç–∞–Ω–æ–≤–ª–µ–Ω–∞ –ø–µ—Ä–≤–æ–Ω–∞—á–∞–ª—å–Ω–∞—è –µ–µ —Ç–æ–ª—â–∏–Ω–∞, –æ–±—Ä–∞–∑–æ–≤–∞–ª–∏—Å—å –Ω–æ–≤—ã–µ –∫—Ä–æ–≤–µ–Ω–æ—Å–Ω—ã–µ —Å–æ—Å—É–¥—ã.
–£—á–µ–Ω—ã–µ –Ω–∞–¥–µ—é—Ç—Å—è, —á—Ç–æ –∏—Ö –ø—Ä–µ–ø–∞—Ä–∞—Ç –ø–æ–º–æ–∂–µ—Ç –≤–æ—Å—Å—Ç–∞–Ω–æ–≤–∏—Ç—å –∑–¥–æ—Ä–æ–≤—å–µ –≤ —Ç–æ–º —á–∏—Å–ª–µ —É—á–∞—Å—Ç–Ω–∏–∫–∞–º –°–í–û. –≠—Ç–æ, –∫—Å—Ç–∞—Ç–∏, –Ω–µ –ø–µ—Ä–≤–∞—è —Ä–∞–∑—Ä–∞–±–æ—Ç–∫–∞ —Ç–∞–∫–æ–≥–æ —Ä–æ–¥–∞.
–î–æ —ç—Ç–æ–≥–æ –ø—Ä–∏ –í–æ–ª–≥–ì–ú–£ –æ—Ç–∫—Ä—ã–ª–∏ –¶–µ–Ω—Ç—Ä —ç–∫–∑–æ–ø—Ä–æ—Ç–µ–∑–æ–≤, –≥–¥–µ —Ä–∞–∑—Ä–∞–±–æ—Ç–∞–ª–∏ —Å–ø–µ—Ü–∏–∞–ª—å–Ω—ã–µ –≥—É–±–∫–∏ –¥–ª—è –±—ã—Å—Ç—Ä–æ–≥–æ –∑–∞–∂–∏–≤–ª–µ–Ω–∏—è —Ä–∞–Ω –∏ –±–∏–æ—Ä–∞–∑–ª–∞–≥–∞–µ–º—ã–µ –ø–µ—Ä–µ–≤—è–∑–æ—á–Ω—ã–µ —Å—Ä–µ–¥—Å—Ç–≤–∞, –∞ —Ç–∞–∫–∂–µ –∂–∏–¥–∫–∏–π –±—Ä–æ–Ω–µ–∂–∏–ª–µ—Ç –¥–ª—è —Å–æ–ª–¥–∞—Ç. ",drumweld,"–†–∞–∑—Ä–∞–±–æ—Ç–∫–∞,–ù–æ–≤–æ—Å—Ç–∏,–ù–∞—É–∫–∞,–ú–µ–¥–∏—Ü–∏–Ω–∞"
https://backend.alpha.kapi.bar/v1/posts/c52a589a-797b-4a33-bdf7-52c63851b302/,2024-06-02 00:26:43.491844,2024-05-21 02:51:20.665060+00:00,–ù–µ—Å–æ–¥–µ—Ä–∂–∞—Ç–µ–ª—å–Ω—ã–π –ø–æ—Å—Ç.,"–Ø –µ—â–µ —Å–æ —Å—Ç–∞—Ä—Ç–∞ –ø—Ä–æ–µ–∫—Ç–∞ –ø—Ä–∏–±–µ—Ä—ë–≥ –∫—É—á—É –∫–æ–Ω—Ç–µ–Ω—Ç–∞ –¥–æ —Ä–µ–ª–∏–∑–∞ –∫–∞–ø–∏–±–∞—Ä—É. –í—Ä–∞—Ç—å –Ω–µ –±—É–¥—É, –¥–∞–∂–µ –Ω–µ –æ–∂–∏–¥–∞–ª —Ä–∞–±–æ—á–µ–π –±–µ—Ç—ã:) –ù–æ –∂–¥–∞—Ç—å —Ä–µ–ª–∏–∑–∞ —É –º–µ–Ω—è —Å–∏–ª —É–∂–µ –Ω–µ—Ç, –ø–æ—ç—Ç–æ–º—É, —É–≤–∞–∂–∞–µ–º—ã–µ –∫–∞–ø–∏–±–∞—Ä–∏–Ω—ã –∏ –∫–∞–ø–∏–±–∞—Ä—ã—à–Ω–∏ - –∞–Ω–æ–Ω—Å! (–Ω–µ –ø—É—Ç–∞—Ç—å —Å –Ω—å—é–∞–Ω—Å–æ–º).
–ê–Ω–æ–Ω—Å–∏—Ä—É—é —Ü–∏–∫–ª —Å—Ç–∞—Ç–µ–π: ""–Ω–∞—à–∞ –ø–ª–∞–Ω–µ—Ç–∞ - –ø–∞—Ä–∞—à–∞"".
–í—Å—ë–ø—Ä–æ–ø–∞–ª–æ–≤–∞ —Ç–∞–º –Ω–µ –±—É–¥–µ—Ç, –Ω–µ—Å–º–æ—Ç—Ä—è –Ω–∞ –∫–ª–∏–∫–±–µ–π—Ç–Ω—ã–π –∑–∞–≥–æ–ª–æ–≤–æ–∫, –±—É–¥–µ—Ç –ø–æ–¥—Ä–æ–±–Ω—ã–π,  –Ω–∞—É—á–Ω–æ-–ø–æ–ø—É–ª—è—Ä–Ω—ã–π –∏, –Ω–∞—Å–∫–æ–ª—å–∫–æ —Å–º–æ–≥, –±–µ—Å–ø—Ä–∏—Å—Ç—Ä–∞—Å—Ç–Ω—ã–π —Ä–∞–∑–±–æ—Ä —Å–∞–º—ã—Ö –≥–ª–æ–±–∞–ª—å–Ω—ã—Ö –ø—Ä–æ–±–ª–µ–º —á–µ–ª–æ–≤–µ—á–µ—Å—Ç–≤–∞ —Å —Ç–æ—á–∫–∏ –∑—Ä–µ–Ω–∏—è —Å–∞–º–æ–≥–æ –æ–±—ã—á–Ω–æ–≥–æ –∏–Ω–∂–µ–Ω–µ—Ä–∞-—Ö–∏–º–∏–∫–∞. –¢–æ—á–∫–∞ –∑—Ä–µ–Ω–∏—è –±—É–¥–µ—Ç –ø–æ–¥ –∏–Ω—Ç–µ—Ä–µ—Å–Ω—ã–º —É–≥–ª–æ–º, –¥–æ–∫–æ–ø–∞–µ–º—Å—è –¥–æ —Å–∞–º—ã—Ö –º–æ–ª–µ–∫—É–ª.
–£–∂–µ –≥–æ—Ç–æ–≤—ã —Å—Ç–∞—Ç—å–∏:
1) –º–∏–∫—Ä–æ–ø–ª–∞—Å—Ç–∏–∫
2) —Ö–∏–º–∏–∫–∏ –∏ –º–∞—Ä–∫–µ—Ç–æ–ª–æ–≥–∏ –≤ –∫–æ—Å–º–µ—Ç–∏–∫–µ
3) –≥–∏–∞–ª—É—Ä–æ–Ω–æ–≤–æ–µ –±–µ–∑—É–º–∏–µ
4) —É—á—ë–Ω—ã–π –∏–∑–Ω–∞—Å–∏–ª–æ–≤–∞–ª –∂—É—Ä–Ω–∞–ª–∏—Å—Ç–∞, –∫—Ç–æ —Å–ª–µ–¥—É—é—â–∏–π?
5) –≤–µ—â–µ—Å—Ç–≤–∞, –æ –∫–æ—Ç–æ—Ä—ã—Ö –≤—ã –Ω–µ –∑–Ω–∞–ª–∏
6) –≤–µ—â–µ—Å—Ç–≤–∞, –æ –∫–æ—Ç–æ—Ä—ã—Ö –ª—É—á—à–µ –Ω–µ –∑–Ω–∞—Ç—å
–°—Ç–∞—Ç—å–∏ –±—É–¥—É—Ç –≤—ã—Ö–æ–¥–∏—Ç—å –ø–æ –ø–∞—Ä–µ –≤ –º–µ—Å—è—Ü. 
–í–ê–ñ–ù–û: –°—Ç–∞—Ç—å–∏ –±–µ–∑ —Ü–µ–ª–µ–π –º–æ–Ω–µ—Ç–∏–∑–∞—Ü–∏–∏ –∏ –∫–æ–º–º–µ—Ä—Ü–∏–∏, –ø—Ä–æ–¥–≤–∏–∂–µ–Ω–∏–π —Ç–µ–ª–µ–≥—Ä–∞–º–º-–∫–∞–Ω–∞–ª–æ–≤ –∏ —Å–∞–π—Ç–æ–≤. –†–µ–∫–ª–∞–º–∏—Ä–æ–≤–∞—Ç—å –Ω–∏–∫–∞–∫—É—é –ø—Ä–æ–¥—É–∫—Ü–∏—é, —Ç–∞–∫–∂–µ —Å–≤–æ—é –∏–ª–∏ —á—É–∂—É—é —Ä–æ–∂—É —è –Ω–µ –±—É–¥—É. –ö–æ–Ω—Ç–µ–Ω—Ç, –Ω–∞—Å–∫–æ–ª—å–∫–æ –º–æ–≥—É, –¥–æ—Å—Ç–æ–≤–µ—Ä–Ω—ã–π –∏ –ø–æ–¥—Ç–≤–µ—Ä–∂–¥—ë–Ω –ø—Ä—É—Ñ–∞–º–∏, –Ω–µ –ø—Ä–æ–¥–≤–∏–≥–∞–µ—Ç –Ω–∏–∫–∞–∫—É—é –ø–æ–≤–µ—Å—Ç–æ—á–∫—É –∏ –Ω–µ –¥–µ–ª–∞–µ—Ç –æ–ø–∞—Å–Ω—ã—Ö —É–ø—Ä–æ—â–µ–Ω–∏–π, –Ω–µ –¥–∞—ë—Ç –Ω–µ–Ω—É–∂–Ω—ã—Ö —Å–æ–≤–µ—Ç–æ–≤ –∏ –Ω–µ –∑–ª–æ—Ä–∞–¥—Å—Ç–≤—É–µ—Ç, –±–µ–∑ –Ω–µ–π—Ä–æ—Å–µ—Ç–µ–π –∏ –∫–æ–Ω—Ç–µ–Ω—Ç–æ–∑–∞–º–µ–Ω–∏—Ç–µ–ª–µ–π. –ö–∞–∫ —Ä–∞–∑ —Ç–æ, —á—Ç–æ –Ω—É–∂–Ω–æ –¥–ª—è —ç—Ç–æ–≥–æ –ø—Ä–µ–∫—Ä–∞—Å–Ω–æ–≥–æ —Å–∞–π—Ç–∞ —Å –º–∏–Ω—É—Å–∞–º–∏, —ç–Ω—Ç—É–∑–∏–∞—Å—Ç–∞–º–∏ –∏ —Å–∞–º–æ—Ä–µ–≥—É–ª—è—Ü–∏–µ–π –∫–æ–Ω—Ç–µ–Ω—Ç–∞ (–∏ –Ω–∞–¥–µ—é—Å—å –Ω–∞ —Ä–µ–ª–∏–∑–µ –æ–±–µ—â–∞–Ω–∏—è–º–∏ —Ç–∞–∫–∏–º –∏ –æ—Å—Ç–∞—Ç—å—Å—è).
–°–µ—Ä–∏–∏ ""—Å–∞–º—ã–π –Ω–µ–≤–µ–∑—É—á–∏–π –ø—Ä–µ–¥–ø—Ä–∏–Ω–∏–º–∞—Ç–µ–ª—å"" –∏ ""—Ö–∏–º–∏—á–µ—Å–∫–∏–µ –∏—Å—Ç–æ—Ä–∏–∏"" –Ω–µ –∑–∞–∫–∞–Ω—á–∏–≤–∞—é—Ç—Å—è. –ü–æ—Å–ª–µ —Ä–µ–ª–∏–∑–∞ –æ–±–µ—â–∞—é –µ—â—ë —Ä—É–∫–æ–¥–µ–ª–∏–µ, –∏—Å—Ç–æ—Ä–∏—é –º–µ—Ç–æ–¥–æ–≤ —Ö–∏–º–∏—á–µ—Å–∫–æ–≥–æ –∞–Ω–∞–ª–∏–∑–∞ –∏ —Å–∏–Ω—Ç–µ–∑–∞.
–ï–¥–∏–Ω—Å—Ç–≤–µ–Ω–Ω–æ–µ –æ —á—ë–º –≤–∞—Å –ø—Ä–æ—à—É. 
–¢.–∫. —Ö–∏–º–∏—è - —ç—Ç–æ ""—á–∏—Ç–µ—Ä—Å–∫–∏–π"" –∫–æ–Ω—Ç–µ–Ω—Ç, –Ω–∞—à –º–∏—Ä - —Ö–∏–º–∏—è –∏ –ø–∏—Å–∞—Ç—å –º–æ–∂–Ω–æ –æ–±–æ –≤—Å—ë–º —á—Ç–æ –≤–∏–∂—É, –∫–∞–∫ –∞–∫—ã–Ω –∫–∞–∑–∞—Ö—Å–∫–∏–π, –∞ –º–æ–π —Å–≤–æ–µ–æ–±—Ä–∞–∑–Ω—ã–π –≤–∑–≥–ª—è–¥ –Ω–∞ –º–∏—Ä —É–∂–µ –∑–∞–º—ã–ª–∏–ª—Å—è, —Ç–æ —É –º–µ–Ω—è –≤–æ–∑–Ω–∏–∫–ª–∞ –ø—Ä–æ–±–ª–µ–º–∞ —Å –≤—ã–±–æ—Ä–æ–º –¥–∞–ª—å–Ω–µ–π—à–∏—Ö —Ç–µ–º –∏ –∞–∫—Ü–µ–Ω—Ç–æ–≤ –¥–ª—è –º–æ–µ–π –ø–∏—Å–∞–Ω–∏–Ω—ã, —á—Ç–æ–±—ã –∏–º–µ–Ω–Ω–æ –≤–∞–º –±—ã–ª–æ –∏–Ω—Ç–µ—Ä–µ—Å–Ω–æ. –ù—É–∂–Ω–∞ –≤–∞—à–∞ –ø–æ–º–æ—à—å. –ï—Å–ª–∏ –≤–∞—Å –∏–Ω—Ç–µ—Ä–µ—Å—É—é—Ç –∫–∞–∫–∏–µ-—Ç–æ —Ç–µ–º—ã —Å —Ö–∏–º–∏—á–µ—Å–∫–æ–π —Ç–æ—á–∫–∏ –∑—Ä–µ–Ω–∏—è, –∫—Ä–æ–º–µ, –µ—Å—Ç–µ—Å—Ç–≤–µ–Ω–Ω–æ: ""—á—Ç–æ —á–µ–º –æ—Ç–º—ã—Ç—å?"", ""–∫–∞–∫ —á—ë —Å–≤–∞—Ä–∏—Ç—å?"" –∏ ""–∫–∞–∫ –∏–∑–±–∞–≤–∏—Ç—å—Å—è –æ—Ç —Ç—Ä—É–ø–∞ –º—ë—Ä—Ç–≤–æ–π —à–ª—é—Ö–∏?"", —Ç–æ –æ—Ç–ø–∏—à–∏—Ç–µ—Å—å, –ø–æ–∂–∞–ª—É–π—Å—Ç–∞, –µ—Å–ª–∏ –Ω–µ —Å–ª–æ–∂–Ω–æ, —Ç—É—Ç –≤ –∫–æ–º–º–µ–Ω—Ç–∞—Ä–∏—è—Ö. –û–±—è–∑–∞—Ç–µ–ª—å–Ω–æ –æ—Ç–≤–µ—Ç—ã –Ω–∞ –≤–∞—à–∏ –≤–æ–ø—Ä–æ—Å—ã –±—É–¥—É—Ç –±–æ–Ω—É—Å–∞–º–∏ –∫ –ø–æ—Å—Ç–∞–º –∏–ª–∏ —Å—Ç–∞–Ω—É—Ç —Ç–µ–º–æ–π –Ω–æ–≤—ã—Ö. –ò–ª–∏ —Ç—É—Ç –æ—Ç–≤–µ—á—É, –µ—Å–ª–∏ –ø—Ä–æ—Å—Ç–æ–π.",gulyash_bez_piva,"[–°–≤–æ—ë],–•–∏–º–∏—è,–í–æ–ø—Ä–æ—Å"
https://backend.alpha.kapi.bar/v1/posts/38614098-b71f-46bc-843d-2f01d266c5ee/,2024-06-02 00:26:43.930155,2024-05-06 13:09:12+00:00,"–û–±–Ω–æ–≤–ª–µ–Ω–∏—è –Ω–∞ kapi.bar - –≥–∞–ª–æ—á–∫–∏, —Å—Å—ã–ª–∫–∏ –∏ —Å—á–µ—Ç—á–∏–∫–∏!","–ü—Ä–∏–≤–µ—Ç—Å—Ç–≤—É–µ–º –ö–∞–ø–∏–±–∞—Ä–∏–Ω—ã –∏ –ö–∞–ø–∏–±–∞—Ä—ã—à–Ω–∏!
–ú—ã –ø—Ä–∏–≥–æ—Ç–æ–≤–∏–ª–∏ –æ–±–Ω–æ–≤–ª–µ–Ω–∏—è!
–ü–µ—Ä–≤–æ–µ - —ç—Ç–æ  –∫–∞—Å–∞–µ—Ç—Å—è –≤ –ø–µ—Ä–≤—É—é –æ—á–µ—Ä–µ–¥—å –ø–æ–ª—å–∑–æ–≤–∞—Ç–µ–ª–µ–π, –∫–æ—Ç–æ—Ä—ã–µ –Ω–µ –≤–µ—Ä–∏—Ñ–∏—Ü–∏—Ä–æ–≤–∞–Ω—ã.
–í—Å–µ –º—ã –ø–æ–Ω–∏–º–∞–µ–º —á—Ç–æ –∫–æ–≥–¥–∞ –µ—Å—Ç—å —á—Ç–æ —Å–∫–∞–∑–∞—Ç—å, –∞ —Å–∫–∞–∑–∞—Ç—å –≤–æ–∑–º–æ–∂–Ω–æ—Å—Ç–∏ –Ω–µ—Ç, —Ç–æ –Ω–∞—Å—Ç—Ä–æ–µ–Ω–∏–µ –º–æ–∂–µ—Ç –∏—Å–ø–æ—Ä—Ç–∏—Ç—å—Å—è –Ω–∞ —Ü–µ–ª—ã–π –¥–µ–Ω—å! –ü–æ—ç—Ç–æ–º—É –Ω–∞–º–∏ –±—ã–ª–æ –ø—Ä–∏–Ω—è—Ç–æ —Ä–µ—à–µ–Ω–∏–µ –¥–∞—Ç—å –≤–æ–∑–º–æ–∂–Ω–æ—Å—Ç—å –∫–æ–º–º–µ–Ω—Ç–∏—Ä–æ–≤–∞—Ç—å –ø–æ—Å—Ç—ã –Ω–µ –≤–µ—Ä–∏—Ñ–∏—Ü–∏—Ä–æ–≤–∞–Ω–Ω—ã–º –ø–æ–ª—å–∑–æ–≤–∞—Ç–µ–ª—è–º,  —Ç–æ –µ—Å—Ç—å —Ç–µ–º, –∫–æ—Ç–æ—Ä—ã–µ –ø–æ —Ç–µ–º –∏–ª–∏ –∏–Ω—ã–º –ø—Ä–∏—á–∏–Ω–∞–º –Ω–µ  –ø–æ–¥—Ç–≤–µ—Ä–¥–∏–ª–∏ —Å–≤–æ–π –∞–∫–∫–∞—É–Ω—Ç —á–µ—Ä–µ–∑ Telegram.
–¢–∞–∫–∂–µ –Ω–µ–≤–µ—Ä–∏—Ñ–∏—Ü–∏—Ä–æ–≤–∞–Ω–Ω—ã–µ –ø–æ–ª—å–∑–æ–≤–∞—Ç–µ–ª–∏ –º–æ–≥—É—Ç –ø–æ–¥–ø–∏—Å—ã–≤–∞—Ç—å—Å—è –Ω–∞ —Ç–µ–≥–∏, —Å—Ç–∞–≤–∏—Ç—å –∏—Ö –≤ –∏–≥–Ω–æ—Ä,  —Ç–æ –µ—Å—Ç—å –Ω–∞—Å—Ç—Ä–∞–∏–≤–∞—Ç—å —Å–≤–æ—é –ª–µ–Ω—Ç—É —Ç–∞–∫ –∫–∞–∫ –∏–º —É–¥–æ–±–Ω–æ –∏ –¥–∞–∂–µ —Å–∫—Ä—ã–≤–∞—Ç—å –ø—Ä–æ—Å–º–æ—Ç—Ä–µ–Ω–Ω—ã–µ –ø–æ—Å—Ç—ã!
–ù–æ –Ω–µ–∫–æ—Ç–æ—Ä—ã–µ –ø–æ—Å—Ç—ã –º–æ–≥—É—Ç –±—ã—Ç—å –∏ –Ω–µ–¥–æ—Å—Ç—É–ø–Ω—ã–º–∏ - —ç—Ç–æ NSFW –∫–æ–Ω—Ç–µ–Ω—Ç –∏ –∂–µ—Å—Ç—å,  –∞ –µ—â–µ —É –≤–∞—Å –Ω–µ –±—É–¥–µ—Ç –∫—Ä–∞—Å–∏–≤–æ–π –∑–µ–ª–µ–Ω–µ–Ω—å–∫–æ–π –≥–∞–ª–æ—á–∫–∏, –∫–æ—Ç–æ—Ä–∞—è –º–æ–≥–ª–∞ –±—ã —Å—Ç–æ—è—Ç—å —Å–ø—Ä–∞–≤–∞ –æ—Ç –≤–∞—à–µ–≥–æ –Ω–∏–∫–Ω–µ–π–º–∞! –í–µ—Ä–∏—Ñ–∏–∫–∞—Ü–∏—è —ç—Ç–æ –¥–æ–ø–æ–ª–Ω–∏—Ç–µ–ª—å–Ω–∞—è –∑–∞—â–∏—Ç–∞ –æ—Ç –±–æ—Ç–æ–≤/–º—É–ª—å—Ç–∏–∞–∫–∫–æ–≤, –∏ –±–µ–∑ –Ω–µ–µ, –∫ —Å–æ–∂–∞–ª–µ–Ω–∏—é, –º—ã –Ω–µ –º–æ–∂–µ–º –¥–æ–≤–µ—Ä–∏—Ç—å —Å—É—â–µ—Å—Ç–≤–µ–Ω–Ω–æ–µ –≤–ª–∏—è–Ω–∏–µ –Ω–∞ —Ä–µ–π—Ç–∏–Ω–≥–∏, –ø–æ—ç—Ç–æ–º—É —Ç–æ–ª—å–∫–æ –æ–¥–Ω–∞ –æ—Ü–µ–Ω–∫–∞ –≤ –¥–µ–Ω—å.
–ü–æ –ø—Ä–æ—Å—å–±–∞–º —Ä–∞–¥–∏–æ—Å–ª—É—à–∞—Ç–µ–ª–µ–π –º–Ω–æ–≥–∏—Ö –ø–æ–ª—å–∑–æ–≤–∞—Ç–µ–ª–µ–π –º—ã –ø–æ–¥–∫—Ä—É—Ç–∏–ª–∏ –∞–Ω–æ–Ω–∏–º–æ–≤: —Ç–µ–ø–µ—Ä—å –±—É–¥–µ—Ç —Å—Ç–∞–≤–∏—Ç—å—Å—è –∞–≤—Ç–æ–º–∞—Ç–∏—á–µ—Å–∫–∏–π —Ç–µ–≥ ""–ê–Ω–æ–Ω–∏–º–Ω—ã–µ –ø–æ—Å—Ç—ã"", —á—Ç–æ–±—ã —Ç–µ, –∫—Ç–æ –Ω–µ –ª—é–±–∏—Ç –∞–Ω–æ–Ω–∏–º–æ–≤ –º–æ–≥–ª–∏ –∑–∞–∫–∏–Ω—É—Ç—å –∏—Ö –≤ –∏–≥–Ω–æ—Ä, –∞ —Ç–µ –∫—Ç–æ –Ω–∞–æ–±–æ—Ä–æ—Ç –ª—é–±–∏—Ç –∞–Ω–æ–Ω–∏–º–Ω—ã–µ –ø–æ—Å—Ç—ã,  –º–æ–≥–ª–∏ –±—ã –ø–æ–¥–ø–∏—Å–∞—Ç—å—Å—è –∏ –Ω–µ –ø—Ä–æ–ø—É—Å—Ç–∏—Ç—å –Ω–∏ –µ–¥–∏–Ω–æ–≥–æ –ø–æ—Å—Ç–∞!
–ï—â—ë –æ–¥–Ω–æ –Ω–µ–º–∞–ª–æ–≤–∞–∂–Ω–æ–µ –æ–±–Ω–æ–≤–ª–µ–Ω–∏–µ: —Ç–µ–ø–µ—Ä—å –∫–∞–∂–¥—ã–π  –º–æ–∂–µ—Ç –ø–æ—Å–º–æ—Ç—Ä–µ—Ç—å —Å–∫–æ–ª—å–∫–æ –µ–≥–æ –ø–æ—Å—Ç–æ–≤ –ø–æ–ø–∞–ª–æ –≤ —Ç—Ä–µ–Ω–¥—ã, —ç—Ç–æ –º–æ–∂–Ω–æ –ø–æ—Å–º–æ—Ç—Ä–µ—Ç—å –∫–∞–∫ –≤ —Å–≤–æ—ë–º –ø—Ä–æ—Ñ–∏–ª–µ —Ç–∞–∫ –∏ –≤ –ø—Ä–æ—Ñ–∏–ª–µ —Å–æ—Å–µ–¥–∞,  —Ç–æ –µ—Å—Ç—å –¥—Ä—É–≥–æ–≥–æ –ø–æ–ª—å–∑–æ–≤–∞—Ç–µ–ª—è - —Å—á–µ—Ç—á–∏–∫ –∑–∞—Ä–∞–±–æ—Ç–∞–ª!
–¢–∞–∫–∂–µ —Å—Ç–æ–∏—Ç –æ–±—Ä–∞—Ç–∏—Ç—å –≤–Ω–∏–º–∞–Ω–∏–µ, —á—Ç–æ —Ç–µ–ø–µ—Ä—å, –∫–æ–≥–¥–∞ –≤—ã –≤ —Å–≤–æ–π –ø–æ—Å—Ç –≤—Å—Ç–∞–≤–ª—è–µ—Ç–µ —Å—Å—ã–ª–∫—É –Ω–∞ –¥—Ä—É–≥–æ–π –ø–æ—Å—Ç, —Ç–æ –æ–Ω–∞ —É–∂–µ –±—É–¥–µ—Ç –≤—ã–≥–ª—è–¥–µ—Ç—å –≤–µ—Å—å–º–∞ —Å–∏–º–ø–∞—Ç–∏—á–Ω–æ –∏ –æ—Ç—Ä–∞–∂–∞—Ç—å –ø–æ–ª–Ω–æ–µ –Ω–∞–∑–≤–∞–Ω–∏–µ –¥—Ä—É–≥–æ–≥–æ –ø–æ—Å—Ç–∞.
–ë—ã–ª–æ:
–°—Ç–∞–ª–æ:
–ê –Ω–∞ –ø—Ä–µ–¥–ø—Ä–æ—Å–º–æ—Ç—Ä–µ –≤—ã —É–∂–µ  —É–≤–∏–¥–∏—Ç–µ, –ø—Ä–∞–≤–∏–ª—å–Ω–æ –ª–∏ —Å–∫–æ–ø–∏—Ä–æ–≤–∞–ª–∏ —Å—Å—ã–ª–∫—É, –Ω–µ—Ç –ª–∏ —Ç–∞–º –ª–∏—à–Ω–∏—Ö —Å–∏–º–≤–æ–ª–æ–≤, –≤ –æ–±—â–µ–º —É–≤–∏–¥–∏—Ç–µ –µ—ë –∫–æ—Ä—Ä–µ–∫—Ç–Ω–æ—Å—Ç—å.
–¢–∞–∫–∂–µ –ø–æ–ø—Ä–∞–≤–∏–ª–∏ —Å—Å—ã–ª–∫–∏ –Ω–∞ –∫–æ–º–º–µ–Ω—Ç–∞—Ä–∏–∏ - —Ç–µ–ø–µ—Ä—å –æ–Ω–∏ –≤—ã–≥–ª—è–¥—è—Ç –ø–æ–∫–æ—Ä–æ—á–µ –∏ –±–æ–ª–µ–µ –ø—Ä–∏—è—Ç–Ω—ã–µ –≥–ª–∞–∑—É,  —á–µ–º —ç—Ç–æ –±—ã–ª–æ –Ω–µ —Ç–∞–∫ –¥–∞–≤–Ω–æ.
–ë—ã–ª–æ:
–°—Ç–∞–ª–æ:
–ú—ã –æ–±—Ä–∞—Ç–∏–ª–∏ –≤–Ω–∏–º–∞–Ω–∏–µ –Ω–∞ –≤–∞—à–∏ –∂–∞–ª–æ–±—ã —á—Ç–æ –ª–µ–Ω—Ç–∞ ""–ê–≤—Ç–æ—Ä—Å–∫–æ–µ"" –∏–Ω–æ–≥–¥–∞ —Ä–∞–±–æ—Ç–∞–µ—Ç –Ω–µ–∫–æ—Ä—Ä–µ–∫—Ç–Ω–æ –∏ –Ω–∞–¥ –Ω–µ–π –ø—Ä–æ–≤–µ–ª–∞—Å—å —Ä–∞–±–æ—Ç–∞ -  –º—ã —É–±—Ä–∞–ª–∏ –≤—Å–µ –Ω–µ–¥–æ—á–µ—Ç—ã, –∫–æ—Ç–æ—Ä—ã–µ —Å–º–æ–≥–ª–∏ –∑–∞–º–µ—Ç–∏—Ç—å –∏ –∫–æ–Ω–µ—á–Ω–æ –∂–µ –Ω–∞–¥–µ–ª–∞–ª–∏ –Ω–æ–≤—ã—Ö (–Ω–µ —Å–ø–µ—Ü–∏–∞–ª—å–Ω–æ, –ø—Ä–∞–≤–¥–∞).  –ü–æ—ç—Ç–æ–º—É —Ç–µ, –∫—Ç–æ –∞–∫—Ç–∏–≤–Ω–æ –ø–æ–ª—å–∑—É–µ—Ç—Å—è –ª–µ–Ω—Ç–æ–π ""–ê–≤—Ç–æ—Ä—Å–∫–æ–µ"" –ø—Ä–æ—Å–∏–º –ø—Ä–æ–≤–µ—Ä–∏—Ç—å, –ø–æ—Ç–µ—Å—Ç–∏—Ç—å –∏ –µ—Å–ª–∏ —á—Ç–æ,  –¥–æ–±—Ä–æ –ø–æ–∂–∞–ª–æ–≤–∞—Ç—å –≤ –±–∞–≥—Ä–µ–ø–æ—Ä—Ç—ã!
–ê –µ—â–µ –º—ã –¥–æ–±–∞–≤–∏–ª–∏ –ø—Ä–æ–≤–µ—Ä–æ–∫ –≤ –∫–æ–¥–µ (—é–Ω–∏—Ç-—Ç–µ—Å—Ç–æ–≤ –Ω–∞ –ø—Ä–æ—Ñ–µ—Å—Å–∏–æ–Ω–∞–ª—å–Ω–æ–º –∂–∞—Ä–≥–æ–Ω–µ). –≠—Ç–æ –∑–Ω–∞—á–∏—Ç, —á—Ç–æ –µ—Å–ª–∏ –≤ –±—É–¥—É—â–µ–º –º—ã —á—Ç–æ-—Ç–æ –Ω–∞–∫–æ—Å—è—á–∏–º –≤ —É–∂–µ —Å–¥–µ–ª–∞–Ω–Ω–æ–º –∫–æ–¥–µ, —Ç–æ —É–∑–Ω–∞–µ–º –æ–± —ç—Ç–æ–º –¥–æ —Ç–æ–≥–æ –∫–∞–∫ –≤—ã–∫–∞—Ç–∏–º –æ–±–Ω–æ–≤–ª–µ–Ω–∏–µ –∏ —Å—Ç–∞—Ä—ã–π —Ñ—É–Ω–∫—Ü–∏–æ–Ω–∞–ª –Ω–µ —Å–ª–æ–º–∞–µ—Ç—Å—è. –ê —ç—Ç–æ –∑–Ω–∞—á–∏—Ç, —á—Ç–æ –º–Ω–æ–∂–µ—Å—Ç–≤–æ –Ω–µ—Å–æ–≤–µ—Ä—à–µ–Ω—Å—Ç–≤ –ø—Ä–æ—Å—Ç–æ –Ω–µ –ø–æ–ø–∞–¥—É—Ç—Å—è –≤–∞–º –Ω–∞ —Å–∞–π—Ç–µ!
–ú—ã –ø–æ–Ω–∏–º–∞–µ–º —á—Ç–æ –∏—Å–ø—Ä–∞–≤–ª–µ–Ω–∏–µ –Ω–µ–∫–æ—Ç–æ—Ä—ã—Ö –±–∞–≥–æ–≤ –∏–º–µ–µ—Ç –¥–ª—è –º–Ω–æ–≥–∏—Ö –±–æ–ª—å—à–∏–π –ø—Ä–∏–æ—Ä–∏—Ç–µ—Ç, –Ω–µ–∂–µ–ª–∏ —Ç–æ —á—Ç–æ –º—ã —Å–¥–µ–ª–∞–ª–∏, –Ω–æ –ø–æ–≤–µ—Ä—å—Ç–µ, –Ω–∏ –æ–¥–∏–Ω –±–∞–≥ –Ω–µ –æ—Å—Ç–∞–ª—Å—è –±–µ–∑ –≤–Ω–∏–º–∞–Ω–∏—è - –≤—Å—ë –¥–µ–ª–∞–µ—Ç—Å—è, —á–∏–Ω–∏—Ç—Å—è, –≤—ã–ø–æ–ª–Ω—è–µ—Ç—Å—è. –ü—Ä–æ—Å—Ç–æ –∏–Ω–æ–≥–¥–∞, –µ—Å–ª–∏ –ø–æ –ø—É—Ç–∏ –º–æ–∂–Ω–æ —Å–¥–µ–ª–∞—Ç—å –∫–∞–∫—É—é-–Ω–∏–±—É–¥—å –∏–Ω—Ç–µ—Ä–µ—Å–Ω—É—é —à—Ç—É–∫—É, –∫–æ—Ç–æ—Ä–∞—è –≤—Å—ë —Ä–∞–≤–Ω–æ –ø—Ä–∏–≥–æ–¥–∏—Ç—Å—è –≤ –±—É–¥—É—â–µ–º,  —Ç–æ –ø–æ—á–µ–º—É –±—ã –µ–µ –Ω–µ —Å–¥–µ–ª–∞—Ç—å —Å–µ–π—á–∞—Å üôÇ
–¢–∞–∫–∂–µ –Ω–∞–ø–æ–º–∏–Ω–∞–µ–º: –µ—Å–ª–∏ —É –≤–∞—Å –µ—Å—Ç—å –≤–æ–∑–º–æ–∂–Ω–æ—Å—Ç–∏, —Å–ø–æ—Å–æ–±–Ω–æ—Å—Ç–∏ –∏ –∑–Ω–∞–Ω–∏—è, —Ç–æ –º—ã –æ—Ç–∫—Ä—ã—Ç—ã –∫ —Ä–∞—Å—à–∏—Ä–µ–Ω–∏—é –∏ —Å —Ä–∞–¥–æ—Å—Ç—å—é –ø–æ–¥–µ–ª–∏–º—Å—è –≤—Å–µ–º–∏ –Ω–µ–æ–±—Ö–æ–¥–∏–º—ã–º–∏ –∏–Ω—Å—Ç—Ä—É–º–µ–Ω—Ç–∞–º–∏ —á—Ç–æ–± –¥–µ–ª–∞—Ç—å –ö–∞–ø–∏–±–∞—Ä—É –ª—É—á—à–µ –≤–º–µ—Å—Ç–µ",Kapibara,"[–°–≤–æ—ë],[–ê–≤—Ç–æ—Ä—Å–∫–æ–µ],–û–±–Ω–æ–≤–ª–µ–Ω–∏–µ"
https://kostroma.today/news/kostromskaya-doyarka-stala-odnoj-iz-samyx-luchshix-v-rossii/,2024-06-02 01:19:16.636629,2023-08-19 12:15:04+03:00,–ö–æ—Å—Ç—Ä–æ–º—Å–∫–∞—è –¥–æ—è—Ä–∫–∞ —Å—Ç–∞–ª–∞ –æ–¥–Ω–æ–π –∏–∑ —Å–∞–º—ã—Ö –ª—É—á—à–∏—Ö –≤ –†–æ—Å—Å–∏–∏,"–û–Ω–∞ –∑–∞–Ω—è–ª–∞ –Ω–∞ —Å–ø–µ—Ü–∏–∞–ª—å–Ω–æ–º –∫–æ–Ω–∫—É—Ä—Å–µ 3 –º–µ—Å—Ç–æ.–ö–æ—Å—Ç—Ä–æ–º–∏—á–∫–∞ –∑–∞–Ω—è–ª–∞ –ø—Ä–∏–∑–æ–≤–æ–µ –º–µ—Å—Ç–æ –∑–∞ —Å–≤–æ–π –ø—Ä–æ—Ñ–µ—Å—Å–∏–æ–Ω–∞–ª–∏–∑–º, —É–∑–Ω–∞–ª KOSTROMA.TODAY.–ö–∞–∫ —Å–æ–æ–±—â–∞–µ—Ç –¥–µ–ø–∞—Ä—Ç–∞–º–µ–Ω—Ç –ê–ü–ö, –õ—é–¥–º–∏–ª–∞ –ë–æ–±—Ä–æ–≤–∞ —É—á–∞—Å—Ç–≤–æ–≤–∞–ª–∞ –≤–æ –≤—Å–µ—Ä–æ—Å—Å–∏–π—Å–∫–æ–º –∫–æ–Ω–∫—É—Ä—Å–µ –æ–ø–µ—Ä–∞—Ç–æ—Ä–æ–≤ –º–∞—à–∏–Ω–Ω–æ–≥–æ –¥–æ–µ–Ω–∏—è –∏ –≤–æ—à–ª–∞ –≤ —á–∏—Å–ª–æ –ø–æ–±–µ–¥–∏—Ç–µ–ª–µ–π. –û–Ω–∞ –ø—Ä–æ–¥–µ–º–æ–Ω—Å—Ç—Ä–∏—Ä–æ–≤–∞–ª–∞ —Å–≤–æ–∏ –Ω–∞–≤—ã–∫–∏ –∏ —Å–º–æ–≥–ª–∞ –∑–∞–Ω—è—Ç—å 3 –º–µ—Å—Ç–æ.–ò–Ω—Ç–µ—Ä–µ—Å–Ω–æ, —á—Ç–æ —Ç–∞–∫–æ–µ –ø—Ä–æ–∏—Å—Ö–æ–¥–∏—Ç –≤–ø–µ—Ä–≤—ã–µ. –î–æ –õ—é–¥–º–∏–ª—ã –Ω–∏–∫—Ç–æ –∏–∑ –∫–æ—Å—Ç—Ä–æ–º–∏—á–µ–∫ –Ω–µ –∑–∞–Ω–∏–º–∞–ª —Ç–∞–∫–∏—Ö –≤—ã—Å–æ–∫–∏—Ö –º–µ—Å—Ç –Ω–∞ —ç—Ç–æ–º –∫–æ–Ω–∫—É—Ä—Å–µ. –ò–∑–≤–µ—Å—Ç–Ω–æ, —á—Ç–æ –∂–µ–Ω—â–∏–Ω–∞ –ø—Ä–∏–µ—Ö–∞–ª–∞ –∏–∑ —Å–µ–ª—å—Å–∫–æ–≥–æ –ø–æ—Å–µ–ª–µ–Ω–∏—è –†–∞—Å–ª–æ–≤—Å–∫–æ–µ, –∫–æ—Ç–æ—Ä–æ–µ –Ω–∞—Ö–æ–¥–∏—Ç—Å—è –≤ –°—É–¥–∏—Å–ª–∞–≤—Å–∫–æ–º —Ä–∞–π–æ–Ω–µ. –ò–º–µ–Ω–Ω–æ —Ç–∞–º –æ–Ω–∞ –∏ —Ç—Ä–µ–Ω–∏—Ä–æ–≤–∞–ª–∞—Å—å –≤ –º–∞—à–∏–Ω–Ω–æ–º –¥–æ–µ–Ω–∏–∏, —á—Ç–æ –ø–æ–º–æ–≥–ª–æ –µ–π –∑–∞–Ω—è—Ç—å –≤—ã—Å–æ–∫–æ–µ –º–µ—Å—Ç–æ –Ω–∞ –∫–æ–Ω–∫—É—Ä—Å–µ.",–†–ï–î–ê–ö–¶–ò–Ø,
https://kostroma.today/news/gostinicu-dlya-krestyan-veleli-vozrodit-v-kostrome/,2024-06-02 01:11:57.528077,2024-05-31 07:50:16+03:00,–ì–æ—Å—Ç–∏–Ω–∏—Ü—É –¥–ª—è –∫—Ä–µ—Å—Ç—å—è–Ω –≤–µ–ª–µ–ª–∏ –≤–æ–∑—Ä–æ–¥–∏—Ç—å –≤ –ö–æ—Å—Ç—Ä–æ–º–µ,"–ó–¥–∞–Ω–∏–µ –±—É–¥—É—Ç —Ä–µ—Å—Ç–∞–≤—Ä–∏—Ä–æ–≤–∞—Ç—å.–í –ö–æ—Å—Ç—Ä–æ–º–µ –æ—Ç—Ä–µ—Å—Ç–∞–≤—Ä–∏—Ä—É—é—Ç –ø–∞–º—è—Ç–Ω–∏–∫ –∞—Ä—Ö–∏—Ç–µ–∫—Ç—É—Ä—ã, —É–∑–Ω–∞–ª KOSTROMA.TODAY.–ü–æ –∏–Ω—Ñ–æ—Ä–º–∞—Ü–∏–∏ —Ä–µ–≥–∏–æ–Ω–∞–ª—å–Ω–æ–π –∏–Ω—Å–ø–µ–∫—Ü–∏–∏ –ø–æ –æ—Ö—Ä–∞–Ω–µ –∫—É–ª—å—Ç—É—Ä–Ω–æ–≥–æ –Ω–∞—Å–ª–µ–¥–∏—è, –°–≤–µ—Ä–¥–ª–æ–≤—Å–∫–∏–π —Å—É–¥ –ø–æ—Å—Ç–∞–Ω–æ–≤–∏–ª –ø—Ä–∏–≤–µ—Å—Ç–∏ –≤ –ø–æ—Ä—è–¥–æ–∫ –¥–æ–º ‚Ññ3, –∫–æ—Ç–æ—Ä—ã–π –Ω–∞—Ö–æ–¥–∏—Ç—Å—è –Ω–∞ —É–ª–∏—Ü–µ. –≠—Ç–æ ‚Äî –æ–±—ä–µ–∫—Ç –∫—É–ª—å—Ç—É—Ä–Ω–æ–≥–æ –Ω–∞—Å–ª–µ–¥–∏—è ¬´–î–æ–º –∂–∏–ª–æ–π –ö–æ–ª–æ–¥–∫–∏–Ω—ã—Ö¬ª, –∫–æ—Ç–æ—Ä—ã–π –ø–æ—Å—Ç—Ä–æ–∏–ª–∏ –≤ –∫–æ–Ω—Ü–µ XVIII. –°–µ–π—á–∞—Å —ç—Ç–æ –∞–¥–º–∏–Ω–∏—Å—Ç—Ä–∞—Ç–∏–≤–Ω–æ–µ –∑–¥–∞–Ω–∏–µ. –û–¥–Ω–∞–∫–æ —Ä–∞–Ω—å—à–µ –∑–¥–µ—Å—å –Ω–∞—Ö–æ–¥–∏–ª—Å—è –ø–æ—Å—Ç–æ—è–ª—ã–π –¥–≤–æ—Ä ‚Äî –Ω–µ–¥–æ—Ä–æ–≥–∞—è –≥–æ—Å—Ç–∏–Ω–∏—Ü–∞, –∫–æ—Ç–æ—Ä–∞—è –±—ã–ª–∞ –ø–æ –∫–∞—Ä–º–∞–Ω—É –∫—Ä–µ—Å—Ç—å—è–Ω–∞–º.–î–æ–º –ø–æ—Å—Ç—Ä–æ–µ–Ω –≤ —Å—Ç–∏–ª–µ –∫–ª–∞—Å—Å–∏—Ü–∏–∑–º–∞ –∏ —è–≤–ª—è–µ—Ç—Å—è –≤–∞–∂–Ω—ã–º –∞—Ä—Ö–∏—Ç–µ–∫—Ç—É—Ä–Ω—ã–º —ç–ª–µ–º–µ–Ω—Ç–æ–º, –ø–æ—Ç–æ–º—É —á—Ç–æ –æ–±—Ä–∞–º–ª—è–µ—Ç –æ–¥–Ω—É –∏–∑ —Ü–µ–Ω—Ç—Ä–∞–ª—å–Ω—ã—Ö –ø–ª–æ—â–∞–¥–µ–π –≥–æ—Ä–æ–¥–∞. –ù–æ —Å–∞–º–æ –∑–¥–∞–Ω–∏–µ –¥–∞–≤–Ω–æ —Ç—Ä–µ–±—É–µ—Ç —Ä–µ–º–æ–Ω—Ç–∞.–¢–µ–ø–µ—Ä—å —Å–æ–±—Å—Ç–≤–µ–Ω–Ω–∏–∫ –¥–æ–ª–∂–µ–Ω –ø—Ä–∏–≤–µ—Å—Ç–∏ –≤ –ø–æ—Ä—è–¥–æ–∫ –ø–∞–º—è—Ç–Ω–∏–∫ –∞—Ä—Ö–∏—Ç–µ–∫—Ç—É—Ä—ã –≤ —Ç–µ—á–µ–Ω–∏–µ –¥–≤—É—Ö –ª–µ—Ç. –£–∂–µ —Å–µ–π—á–∞—Å –∏–¥–µ—Ç –ø–æ–∏—Å–∫ –ø–æ–¥—Ä—è–¥—á–∏–∫–∞, –∫–æ—Ç–æ—Ä—ã–π –∑–∞–π–º–µ—Ç—Å—è –ø—Ä–æ–µ–∫—Ç–Ω—ã–º–∏ —Ä–∞–±–æ—Ç–∞–º–∏.",–ï–ª–∏–∑–∞–≤–µ—Ç–∞ –í–ò–®–ù–ï–í–°–ö–ê–Ø,
https://kostroma.today/news/tajnu-spyashhego-s-buketom-cvetov-kostromicha-razgadali-policejskie-v-kostrome/,2024-06-02 01:11:57.539430,2024-05-30 18:31:19+03:00,–¢–∞–π–Ω—É —Å–ø—è—â–µ–≥–æ —Å –±—É–∫–µ—Ç–æ–º —Ü–≤–µ—Ç–æ–≤ –∫–æ—Å—Ç—Ä–æ–º–∏—á–∞ —Ä–∞–∑–≥–∞–¥–∞–ª–∏ –ø–æ–ª–∏—Ü–µ–π—Å–∫–∏–µ –≤ –ö–æ—Å—Ç—Ä–æ–º–µ,"–ú—É–∂—á–∏–Ω—É –æ–±–Ω–∞—Ä—É–∂–∏–ª–∏ –Ω–∞ —É–ª–∏—Ü–µ.–°–ø—è—â–∏–π —É –¥–æ–º–∞ –º—É–∂—á–∏–Ω–∞ —Å —Ü–≤–µ—Ç–∞–º–∏ –æ–∫–∞–∑–∞–ª—Å—è –Ω–µ —Ç–∞–∫-—Ç–æ –ø—Ä–æ—Å—Ç, —É–∑–Ω–∞–ª KOSTROMA.TODAY. –ï–≥–æ —Ä–∞–∑—ã—Å–∫–∏–≤–∞–ª–∏ –ø–æ–ª–∏—Ü–µ–π—Å–∫–∏–µ.–û–∫–∞–∑–∞–ª–æ—Å—å, —á—Ç–æ 37-–ª–µ—Ç–Ω–∏–π –∫–æ—Å—Ç—Ä–æ–º–∏—á —É–≤–∏–¥–µ–ª —É –ø–æ–¥—ä–µ–∑–¥–∞ –≤–µ–ª–æ—Å–∏–ø–µ–¥, –∑–∞–±—Ä–∞–ª –µ–≥–æ –∏ –ø—Ä–æ–¥–∞–ª –≤ –ª–æ–º–±–∞—Ä–¥ –∑–∞ 4 —Ç—ã—Å—è—á–∏ —Ä—É–±–ª–µ–π. –û—Å–Ω–æ–≤–Ω—É—é —Å—É–º–º—É –æ–Ω –ø—Ä–æ–ø–∏–ª –≤ –±–∞—Ä–µ, –∞ –Ω–∞ –æ—Å—Ç–∞—Ç–æ–∫ –∫—É–ø–∏–ª —Ü–≤–µ—Ç—ã –∂–µ–Ω–µ, –Ω–æ –≤–Ω—É—Ç—Ä—å –¥–æ–º–∞ –∑–∞–π—Ç–∏ —É–∂–µ –Ω–µ —Å–º–æ–≥ ‚Äî —É—Å–Ω—É–ª –≤ –æ–±–Ω–∏–º–∫—É —Å –±—É–∫–µ—Ç–æ–º –Ω–∞ –ø–æ—Ä–æ–≥–µ. –í —Ç–∞–∫–æ–º –≤–∏–¥–µ –µ–≥–æ –∏ –∑–∞—Å—Ç–∞–ª–∏ –ø–æ–ª–∏—Ü–µ–π—Å–∫–∏–µ, –∫–æ—Ç–æ—Ä—ã–µ —É–∂–µ –ø–æ–ª—É—á–∏–ª–∏ –∑–∞—è–≤–ª–µ–Ω–∏–µ –æ—Ç –≤–ª–∞–¥–µ–ª–∏—Ü—ã –ø—Ä–æ–ø–∞–≤—à–µ–≥–æ –≤–µ–ª–æ—Å–∏–ø–µ–¥–∞.–ü–æ –∏–Ω—Ñ–æ—Ä–º–∞—Ü–∏–∏ –ø—Ä–µ—Å—Å-—Å–ª—É–∂–±—ã —Ä–µ–≥–∏–æ–Ω–∞–ª—å–Ω–æ–≥–æ –£–ú–í–î, –ø—Ä–æ—Ç–∏–≤ –≤–æ—Ä–∏—à–∫–∏ –ø–ª–∞–Ω–∏—Ä—É—é—Ç –≤–æ–∑–±—É–¥–∏—Ç—å —É–≥–æ–ª–æ–≤–Ω–æ–µ –¥–µ–ª–æ. –í–µ–ª–æ—Å–∏–ø–µ–¥ –≤–µ—Ä–Ω—É–ª–∏ –≤–ª–∞–¥–µ–ª–∏—Ü–µ.",–ú–∞—Ä—Ñ–∞ –í–ê–°–ò–õ–¨–ï–í–ê,
https://www.bnkomi.ru/data/news/172200/,2024-06-02 01:31:03.587765,,–î—Ä–∞–π–≤ –∏ —ç–∫—Å—Ç—Ä–∏–º: –∫ —Ñ–µ—Å—Ç–∏–≤–∞–ª—é ¬´–°—Ç–∞—Ä–¢—É–π¬ª –ø—Ä–∏—Å–æ–µ–¥–∏–Ω—è—Ç—Å—è —Å–∏–ª—å–Ω–µ–π—à–∏–µ BMX-—Ä–∞–π–¥–µ—Ä—ã –†–æ—Å—Å–∏–∏,"–í —Å—Ç–æ–ª–∏—Ü–µ –ö–æ–º–∏ 12 –∏—é–Ω—è –Ω–∞ —Ñ–µ—Å—Ç–∏–≤–∞–ª–µ —É–ª–∏—á–Ω–æ–π –∫—É–ª—å—Ç—É—Ä—ã –∏ —Å–ø–æ—Ä—Ç–∞ —Å–æ–π–¥—É—Ç—Å—è —Å–∞–º–æ–∫–∞—Ç—á–∏–∫–∏, —Å–∫–µ–π—Ç–µ—Ä—ã –∏ –≤–µ–ª–æ—Å–∏–ø–µ–¥–∏—Å—Ç—ã. –°—É–¥–∏—Ç—å —ç–∫—Å—Ç—Ä–∏–º-—Å–æ—Ä–µ–≤–Ω–æ–≤–∞–Ω–∏—è –±—É–¥—É—Ç —á–µ–º–ø–∏–æ–Ω—ã –†–æ—Å—Å–∏–∏ –∏ –ø–æ–±–µ–¥–∏—Ç–µ–ª–∏ –ø–µ—Ä–≤–µ–Ω—Å—Ç–≤ –∏–∑ –ú–æ—Å–∫–≤—ã.–§–æ—Ç–æ –∏ –≤–∏–¥–µ–æ –≥–æ—Å—Ç–µ–π —Ñ–µ—Å—Ç–∏–≤–∞–ª—è ¬´–°—Ç–∞—Ä–¢—É–π¬ª–ì–æ—Å—Ç–µ–º ¬´–°—Ç–∞—Ä–¢—É–π¬ª —Å—Ç–∞–ª –ê—Ä—Ç–µ–º –ê–≥–∞—Ä–∫–æ–≤ –∏–∑ –ú–æ—Å–∫–æ–≤—Å–∫–æ–π –æ–±–ª–∞—Å—Ç–∏ ‚Äî —á–µ–º–ø–∏–æ–Ω –†–æ—Å—Å–∏–∏ –≤ –¥–∏—Å—Ü–∏–ø–ª–∏–Ω–µ ¬´–°—Ç—Ä–∏—Ç¬ª, –ø—Ä–∏–∑–µ—Ä —á–µ–º–ø–∏–æ–Ω–∞—Ç–∞ –†–æ—Å—Å–∏–∏ –≤ –¥–∏—Å—Ü–∏–ø–ª–∏–Ω–µ ¬´–ü–∞—Ä–∫¬ª, –∑–≤–µ–∑–¥–∞ –†–æ—Å—Å–∏–∏ –≤ –º–∏—Ä–µ BMX. –ê—Ä—Ç–µ–º –∏–∑–≤–µ—Å—Ç–µ–Ω —Å–≤–æ–∏–º–∏ —ç–∫—Å—Ç—Ä–µ–º–∞–ª—å–Ω—ã–º–∏ —Ç—Ä—é–∫–∞–º–∏ –∏ —è—Ä–∫–∏–º–∏ –ø–æ–±–µ–¥–∞–º–∏.
–í –°—ã–∫—Ç—ã–≤–∫–∞—Ä –ø—Ä–∏–µ–¥–µ—Ç –∏ –ú–∞—Ç–≤–µ–π –®–∞—Ä—ã–≥–∏–Ω (–ú–æ—Å–∫–≤–∞, –ù–∏–∂–Ω–∏–π –¢–∞–≥–∏–ª) ‚Äî –æ–¥–∏–Ω –∏–∑ —Å–∞–º—ã—Ö –ª—É—á—à–∏—Ö BMX-—Ä–∞–π–¥–µ—Ä–æ–≤ –†–æ—Å—Å–∏–∏ –≤ –∫–∞—Ç–µ–≥–æ—Ä–∏–∏ ¬´–°—Ç—Ä–∏—Ç¬ª, –∫–æ—Ç–æ—Ä—ã–π –ø—Ä–∏–≤–ª–µ–∫–∞–µ—Ç –≤–Ω–∏–º–∞–Ω–∏–µ —Å–ª–æ–∂–Ω—ã–º–∏ —Ç—Ä—é–∫–∞–º–∏. –í –µ–≥–æ —Å–ø–∏—Å–∫–µ –¥–æ—Å—Ç–∏–∂–µ–Ω–∏–π ‚Äî –ø–æ–±–µ–¥–∞ –Ω–∞ —á–µ–º–ø–∏–æ–Ω–∞—Ç–µ –†–æ—Å—Å–∏–∏, –º–Ω–æ–≥–æ—á–∏—Å–ª–µ–Ω–Ω—ã–µ –ø–æ–±–µ–¥—ã –≤ –Ω–æ–º–∏–Ω–∞—Ü–∏–∏ ¬´–õ—É—á—à–∏–π —Ç—Ä—é–∫¬ª –Ω–∞ —Å–æ—Ä–µ–≤–Ω–æ–≤–∞–Ω–∏—è—Ö —Ä–∞–∑–Ω–æ–≥–æ —É—Ä–æ–≤–Ω—è. –û–Ω –¥–æ—à–µ–ª –¥–æ —Ñ–∏–Ω–∞–ª–∞ —É–Ω–∏–∫–∞–ª—å–Ω–æ–≥–æ —Å–æ—Å—Ç—è–∑–∞–Ω–∏—è WINTERING BMX BATTLE –≤ —á–µ—Ç–≤–µ—Ä—Ç–æ–º —Å–µ–∑–æ–Ω–µ, –∑–∞–Ω—è–ª –ø–µ—Ä–≤–æ–µ –º–µ—Å—Ç–æ –Ω–∞ —á–µ–º–ø–∏–æ–Ω–∞—Ç–µ –†–æ—Å—Å–∏–∏ RCC EXTREME 2023, –µ–º—É –¥–æ—Å—Ç–∞–ª–∏—Å—å –≤—Ç–æ—Ä–æ–µ –º–µ—Å—Ç–æ –∏ –Ω–∞–≥—Ä–∞–¥–∞ –∑–∞ –ª—É—á—à–∏–π —Ç—Ä—é–∫ –Ω–∞ ¬´EXTREME –ö–†–´–ú 2023¬ª, –ª—É—á—à–∏–µ —Ç—Ä—é–∫–∏ –æ—Ç–º–µ—á–µ–Ω—ã –Ω–∞ —Ñ–µ—Å—Ç–∏–≤–∞–ª—è—Ö —É–ª–∏—á–Ω–æ–≥–æ —Å–ø–æ—Ä—Ç–∞ ¬´THE BOWL 6 2022¬ª –∏ ¬´–£–ª–∏—á–Ω–∞—è –∫–ª–∞—Å—Å–∏–∫–∞ –°–∞–Ω–∫—Ç-–ü–µ—Ç–µ—Ä–±—É—Ä–≥ 2022¬ª.
–ü—Ä–∏—Å–æ–µ–¥–∏–Ω–∏—Ç—Å—è –∫ –Ω–∏–º –∏ –ê–ª–µ–∫—Å–∞–Ω–¥—Ä –ê–∫—Å–µ–Ω–æ–≤ –∏–∑ –ú–æ—Å–∫–≤—ã ‚Äî –º–∞—Å—Ç–µ—Ä –∞–¥—Ä–µ–Ω–∞–ª–∏–Ω–∞ –Ω–∞ –¥–≤—É—Ö –∫–æ–ª–µ—Å–∞—Ö. –ï–≥–æ —Å—Ç–∏–ª—å —É–ª–∏—á–Ω–æ–≥–æ BMX —É–∑–Ω–∞–≤–∞–µ–º –ø–æ —Å–º–µ–ª—ã–º —Ç—Ä—é–∫–∞–º –∏ —É–Ω–∏–∫–∞–ª—å–Ω–æ–º—É –ø–æ–¥—Ö–æ–¥—É –∫ –∫–∞—Ç–∞–Ω–∏—é, —ç—Ç–æ –¥–µ–ª–∞–µ—Ç –µ–≥–æ –æ–¥–Ω–∏–º –∏–∑ —Å–∞–º—ã—Ö —è—Ä–∫–∏—Ö –ø—Ä–µ–¥—Å—Ç–∞–≤–∏—Ç–µ–ª–µ–π BMX-—Å–æ–æ–±—â–µ—Å—Ç–≤–∞. –í –∫–æ–ø–∏–ª–∫–µ –Ω–∞–≥—Ä–∞–¥ ‚Äî –ø–µ—Ä–≤–æ–µ –º–µ—Å—Ç–æ –Ω–∞ ¬´–£–ª–∏—á–Ω–æ–π –ö–ª–∞—Å—Å–∏–∫–µ¬ª –≤ –ú–æ—Å–∫–≤–µ, –≤—Ç–æ—Ä–æ–µ –º–µ—Å—Ç–æ –Ω–∞ –ø–µ—Ä–≤–µ–Ω—Å—Ç–≤–µ –†–æ—Å—Å–∏–∏ –≤ –∫–∞—Ç–µ–≥–æ—Ä–∏–∏ ¬´–°—Ç—Ä–∏—Ç¬ª –≤ –ß–µ–ª—è–±–∏–Ω—Å–∫–µ –∏ —Ç—Ä–µ—Ç—å–µ –º–µ—Å—Ç–æ –Ω–∞ ¬´–£–ª–∏—á–Ω–æ–π –ö–ª–∞—Å—Å–∏–∫–µ¬ª –≤ –í–æ—Ä–æ–Ω–µ–∂–µ.
‚Äî –ù–∞ —Ñ–µ—Å—Ç–∏–≤–∞–ª—å ¬´–°—Ç–∞—Ä–¢—É–π¬ª –≤ –°—ã–∫—Ç—ã–≤–∫–∞—Ä –ø—Ä–∏–µ–¥—É—Ç –∑–≤–µ–∑–¥—ã BMX. –¢—Ä–∏ —Ç–æ–ø–æ–≤—ã—Ö —Ä–∞–π–¥–µ—Ä–∞, –ø—Ä–∏–∑–µ—Ä—ã –∏ —á–µ–º–ø–∏–æ–Ω—ã –†–æ—Å—Å–∏–∏ –ø–æ–∫–∞–∂—É—Ç —Å–≤–æ–∏ –Ω–µ–≤–µ—Ä–æ—è—Ç–Ω—ã–µ —Ç—Ä—é–∫–∏ –∏ –º–∞—Å—Ç–µ—Ä—Å—Ç–≤–æ. –≠—Ç–æ –±—É–¥–µ—Ç –∑—Ä–µ–ª–∏—â–µ, –∫–æ—Ç–æ—Ä–æ–µ –Ω–µ–ª—å–∑—è –ø—Ä–æ–ø—É—Å—Ç–∏—Ç—å. –£–≤–∏–¥—å –∏—Ö –≤ –¥–µ–π—Å—Ç–≤–∏–∏ –∏ —Å—Ç–∞–Ω—å —á–∞—Å—Ç—å—é —ç—Ç–æ–≥–æ –Ω–µ–∑–∞–±—ã–≤–∞–µ–º–æ–≥–æ —Å–æ–±—ã—Ç–∏—è. –ü—Ä–∏—Å–æ–µ–¥–∏–Ω—è–π—Å—è –∫ ¬´–°—Ç–∞—Ä–¢—É–π¬ª –∏ —Ä–∞–∑–¥–µ–ª–∏ —ç—Ç–æ—Ç –¥—Ä–∞–π–≤, ‚Äî –ø—Ä–∏–∑–≤–∞–ª —Ä—É–∫–æ–≤–æ–¥–∏—Ç–µ–ª—å —Ñ–µ–¥–µ—Ä–∞—Ü–∏–∏ —Å–∫–µ–π—Ç–±–æ—Ä–¥–∏–Ω–≥–∞ –ö–æ–º–∏ –ú–∞—Ä—Å–µ–ª—å –°–∞—Ñ–∏–Ω.
–ì–æ—Å—Ç–∏ –Ω–µ —Ç–æ–ª—å–∫–æ –±—É–¥—É—Ç —Å—É–¥—å—è–º–∏ —Å–æ—Å—Ç—è–∑–∞–Ω–∏–π —Å—Ä–µ–¥–∏ —Ä–∞–π–¥–µ—Ä–æ–≤, –Ω–æ –∏ —É—Å—Ç—Ä–æ—è—Ç –æ—Ç–∫—Ä—ã—Ç—ã–π –º–∞—Å—Ç–µ—Ä-–∫–ª–∞—Å—Å –Ω–∞ –ø–ª–æ—â–∞–¥–∫–µ —Ñ–µ—Å—Ç–∏–≤–∞–ª—è. –ì–µ–Ω–µ—Ä–∞–ª—å–Ω—ã–º –ø–∞—Ä—Ç–Ω–µ—Ä–æ–º –ø—Ä–æ–µ–∫—Ç–∞ –≤—ã—Å—Ç—É–ø–∞–µ—Ç –ü–ê–û ¬´–¢ –ü–ª—é—Å¬ª.
–†–µ–≥–∏—Å—Ç—Ä–∞—Ü–∏—è –Ω–∞ ¬´–°—Ç–∞—Ä–¢—É–π¬ª –∏–¥–µ—Ç –¥–æ 1 –∏—é–Ω—è –Ω–∞ –ê–ò–° ¬´–ú–æ–ª–æ–¥–µ–∂—å –†–æ—Å—Å–∏–∏¬ª. –î–ª—è —É—á–∞—Å—Ç–Ω–∏–∫–æ–≤ –∏–∑ –¥—Ä—É–≥–∏—Ö —Ä–µ–≥–∏–æ–Ω–æ–≤ –†–æ—Å—Å–∏–∏ —Ä–µ–≥–∏—Å—Ç—Ä–∞—Ü–∏—è –¥–æ—Å—Ç—É–ø–Ω–∞ –ø–æ —ç—Ç–æ–π —Å—Å—ã–ª–∫–µ. –ö —É—á–∞—Å—Ç–∏—é –ø—Ä–∏–≥–ª–∞—à–∞—é—Ç—Å—è –º–æ–ª–æ–¥—ã–µ –ª—é–¥–∏ –æ—Ç 14 –¥–æ 35 –ª–µ—Ç. –†–∞–π–¥–µ—Ä–æ–≤ –∂–¥—É—Ç —Ç—Ä–∏ –¥–∏—Å—Ü–∏–ø–ª–∏–Ω—ã: ¬´–°–∫–µ–π—Ç–±–æ—Ä–¥–∏–Ω–≥¬ª, ¬´–°–∞–º–æ–∫–∞—Ç–Ω—ã–π —Å–ø–æ—Ä—Ç¬ª –∏ ¬´BMX¬ª.
–û—Ä–≥–∞–Ω–∏–∑–∞—Ç–æ—Ä—ã —Ñ–µ—Å—Ç–∏–≤–∞–ª—è ¬´–°—Ç–∞—Ä–¢—É–π¬ª –ö–æ–º–∏—Ç–µ—Ç –ø–æ –º–æ–ª–æ–¥–µ–∂–Ω–æ–π –ø–æ–ª–∏—Ç–∏–∫–µ –ö–æ–º–∏, –∏–Ω—Ñ–æ—Ä–º–∞—Ü–∏–æ–Ω–Ω–æ–µ –∞–≥–µ–Ω—Ç—Å—Ç–≤–æ –ë–ù–ö, –∞–¥–º–∏–Ω–∏—Å—Ç—Ä–∞—Ü–∏—è –°—ã–∫—Ç—ã–≤–∫–∞—Ä, –†–µ—Å—É—Ä—Å–Ω—ã–π –º–æ–ª–æ–¥–µ–∂–Ω—ã–π —Ü–µ–Ω—Ç—Ä –∂–¥—É—Ç –∑–∞—è–≤–∫–∏ –æ—Ç —Ç–∞–Ω—Ü–æ—Ä–æ–≤ –Ω–∞ ¬´Street dance¬ª: —Å–æ–ª–æ, –¥—É—ç—Ç—ã, –∫–æ–º–∞–Ω–¥—ã, Unformat. –í –ø—Ä–æ–≥—Ä–∞–º–º–µ —Ç–∞–∫–∂–µ –±–∞—Ç—Ç–ª—ã –¥–ª—è –≤—Å–µ—Ö –∂–µ–ª–∞—é—â–∏—Ö ÔÇæ —Ö–∏–ø-—Ö–æ–ø, –±—Ä–µ–π–∫-–¥–∞–Ω—Å, all style, house. –ü—Ä–æ–¥–æ–ª–∂–∞–µ—Ç—Å—è —Ä–µ–≥–∏—Å—Ç—Ä–∞—Ü–∏—è –Ω–∞ —Å—Ç—Ä–∏—Ç–±–æ–ª –¥–ª—è –º—É–∂—Å–∫–∏—Ö –∏ –∂–µ–Ω—Å–∫–∏—Ö –∫–æ–º–∞–Ω–¥.
–ü–∞—Ä—Ç–Ω–µ—Ä—ã: –°–ö–ê–¢, MakBush, –†–æ—Å—Ç–µ–ª–µ–∫–æ–º, –°—ã–∫—Ç—ã–≤–∫–∞—Ä—Å–∫–∏–π —Ñ–∞–Ω–µ—Ä–Ω—ã–π –∑–∞–≤–æ–¥.
–ò–Ω—Ñ–æ—Ä–º–∞—Ü–∏–æ–Ω–Ω—ã–µ –ø–∞—Ä—Ç–Ω–µ—Ä—ã: ¬´–ü—Ä–æ –ì–æ—Ä–æ–¥ –°—ã–∫—Ç—ã–≤–∫–∞—Ä¬ª, ¬´–ü–∞–Ω–æ—Ä–∞–º–∞ —Å—Ç–æ–ª–∏—Ü—ã¬ª, ¬´–ö–æ–º–∏–∏–Ω—Ñ–æ—Ä–º¬ª, –ì–¢–†–ö ¬´–ö–æ–º–∏ –ì–æ—Ä¬ª, —Ç–µ–ª–µ–∫–∞–Ω–∞–ª ¬´–Æ—Ä–≥–∞–Ω¬ª, ¬´–ö–æ–º–∏–æ–Ω–ª–∞–π–Ω¬ª, ¬´–¢–≤–æ—è –ü–∞—Ä–∞–ª–ª–µ–ª—å¬ª.
*** –í–ø–µ—Ä–≤—ã–µ –û—Ç–∫—Ä—ã—Ç—ã–π –º–æ–ª–æ–¥–µ–∂–Ω—ã–π —Ñ–µ—Å—Ç–∏–≤–∞–ª—å —É–ª–∏—á–Ω–æ–π –∫—É–ª—å—Ç—É—Ä—ã –∏ —Å–ø–æ—Ä—Ç–∞ ¬´–°—Ç–∞—Ä–¢—É–π¬ª (¬´—Å—Ç–∞—Ä¬ª –æ—Ç –∞–Ω–≥–ª–∏–π—Å–∫–æ–≥–æ star ‚Äî ¬´–∑–≤–µ–∑–¥–∞¬ª –∏ ¬´—Ç—É–π¬ª –Ω–∞ –∫–æ–º–∏ —è–∑—ã–∫–µ ‚Äî ¬´–ø—É—Ç—å¬ª) –ø—Ä–æ—à–µ–ª –≤ 2023 –≥–æ–¥—É. –§–µ—Å—Ç–∏–≤–∞–ª—å –±—ã–ª –ø—Ä–∏—É—Ä–æ—á–µ–Ω –∫ –ì–æ–¥—É –º–æ–ª–æ–¥–µ–∂–∏ –≤ —Ä–µ—Å–ø—É–±–ª–∏–∫–µ –∏ —Å–æ–±—Ä–∞–ª 5 —Ç—ã—Å—è—á —É—á–∞—Å—Ç–Ω–∏–∫–æ–≤.",,
https://www.bnkomi.ru/data/news/172312/,2024-06-02 01:31:03.028036,,–í–° –†–æ—Å—Å–∏–∏ –Ω–∞–Ω–µ—Å–ª–∏ —É–¥–∞—Ä—ã –ø–æ –æ–±—ä–µ–∫—Ç–∞–º —ç–Ω–µ—Ä–≥–µ—Ç–∏–∫–∏ –£–∫—Ä–∞–∏–Ω—ã,"–°–≤–æ–¥–∫–∞ –º–∏–Ω–∏—Å—Ç–µ—Ä—Å—Ç–≤–∞ –æ–±–æ—Ä–æ–Ω—ã –†–æ—Å—Å–∏–∏ –æ —Ö–æ–¥–µ –ø—Ä–æ–≤–µ–¥–µ–Ω–∏—è —Å–ø–µ—Ü–∏–∞–ª—å–Ω–æ–π –≤–æ–µ–Ω–Ω–æ–π –æ–ø–µ—Ä–∞—Ü–∏–∏ –Ω–∞ 1 –∏—é–Ω—è.–í –æ—Ç–≤–µ—Ç –Ω–∞ –ø–æ–ø—ã—Ç–∫–∏ –∫–∏–µ–≤—Å–∫–æ–≥–æ —Ä–µ–∂–∏–º–∞ –Ω–∞–Ω–µ—Å—Ç–∏ —É—â–µ—Ä–± –æ–±—ä–µ–∫—Ç–∞–º —Ä–æ—Å—Å–∏–π—Å–∫–æ–π —ç–Ω–µ—Ä–≥–µ—Ç–∏–∫–∏ –∏ —Ç—Ä–∞–Ω—Å–ø–æ—Ä—Ç–∞ –í–æ–æ—Ä—É–∂–µ–Ω–Ω—ã–µ –°–∏–ª—ã –†–æ—Å—Å–∏–π—Å–∫–æ–π –§–µ–¥–µ—Ä–∞—Ü–∏–∏ –Ω–∞–Ω–µ—Å–ª–∏ –≥—Ä—É–ø–ø–æ–≤–æ–π —É–¥–∞—Ä –≤—ã—Å–æ–∫–æ—Ç–æ—á–Ω—ã–º –æ—Ä—É–∂–∏–µ–º –±–æ–ª—å—à–æ–π –¥–∞–ª—å–Ω–æ—Å—Ç–∏ –≤–æ–∑–¥—É—à–Ω–æ–≥–æ –∏ –º–æ—Ä—Å–∫–æ–≥–æ –±–∞–∑–∏—Ä–æ–≤–∞–Ω–∏—è –ø–æ –æ–±—ä–µ–∫—Ç–∞–º —ç–Ω–µ—Ä–≥–µ—Ç–∏–∫–∏ –£–∫—Ä–∞–∏–Ω—ã, –æ–±–µ—Å–ø–µ—á–∏–≤–∞—é—â–∏–º —Ä–∞–±–æ—Ç—É –ø—Ä–µ–¥–ø—Ä–∏—è—Ç–∏–π –≤–æ–µ–Ω–Ω–æ-–ø—Ä–æ–º—ã—à–ª–µ–Ω–Ω–æ–≥–æ –∫–æ–º–ø–ª–µ–∫—Å–∞. –ö—Ä–æ–º–µ —Ç–æ–≥–æ, –ø–æ—Ä–∞–∂–µ–Ω—ã –∞—Ä—Å–µ–Ω–∞–ª—ã —Ö—Ä–∞–Ω–µ–Ω–∏—è –∑–∞–ø–∞–¥–Ω–æ–≥–æ –≤–æ–æ—Ä—É–∂–µ–Ω–∏—è. –¶–µ–ª—å —É–¥–∞—Ä–∞ –¥–æ—Å—Ç–∏–≥–Ω—É—Ç–∞. –í—Å–µ –Ω–∞–∑–Ω–∞—á–µ–Ω–Ω—ã–µ –æ–±—ä–µ–∫—Ç—ã –ø–æ—Ä–∞–∂–µ–Ω—ã.–ü–æ–¥—Ä–∞–∑–¥–µ–ª–µ–Ω–∏—è –≥—Ä—É–ø–ø–∏—Ä–æ–≤–∫–∏ –≤–æ–π—Å–∫ ¬´–°–µ–≤–µ—Ä¬ª –ø—Ä–æ–¥–æ–ª–∂–∏–ª–∏ –ø—Ä–æ–¥–≤–∏–∂–µ–Ω–∏–µ –≤ –≥–ª—É–±–∏–Ω—É –æ–±–æ—Ä–æ–Ω—ã –ø—Ä–æ—Ç–∏–≤–Ω–∏–∫–∞. –ù–∞–Ω–µ—Å–ª–∏ –ø–æ—Ä–∞–∂–µ–Ω–∏–µ –∂–∏–≤–æ–π —Å–∏–ª–µ –∏ —Ç–µ—Ö–Ω–∏–∫–µ –í–°–£ –≤ —Ä–∞–π–æ–Ω–∞—Ö –Ω–∞—Å–µ–ª–µ–Ω–Ω—ã—Ö –ø—É–Ω–∫—Ç–æ–≤ –ù–µ—Å–∫—É—á–Ω–æ–µ, –ñ–æ–≤—Ç–Ω–µ–≤–æ–µ, –Æ—Ä—á–µ–Ω–∫–æ–≤–æ, –õ–∏–ø—Ü—ã, –ö—É—Ç—É–∑–æ–≤–∫–∞ –∏ –®–µ—Å—Ç–∞–∫–æ–≤–æ –•–∞—Ä—å–∫–æ–≤—Å–∫–æ–π –æ–±–ª–∞—Å—Ç–∏. –û—Ç—Ä–∞–∑–∏–ª–∏ –ø—è—Ç—å –∫–æ–Ω—Ç—Ä–∞—Ç–∞–∫ –≤ —Ä–∞–π–æ–Ω–∞—Ö –Ω–∞—Å–µ–ª–µ–Ω–Ω—ã—Ö –ø—É–Ω–∫—Ç–æ–≤ –°—Ç–∞—Ä–∏—Ü–∞ –∏ –í–æ–ª—á–∞–Ω—Å–∫ –•–∞—Ä—å–∫–æ–≤—Å–∫–æ–π –æ–±–ª–∞—Å—Ç–∏.–ü–æ—Ç–µ—Ä–∏ –í–°–£ —Å–æ—Å—Ç–∞–≤–∏–ª–∏ –¥–æ 240 –≤–æ–µ–Ω–Ω–æ—Å–ª—É–∂–∞—â–∏—Ö, —Ç–∞–Ω–∫, –±–æ–µ–≤–∞—è –º–∞—à–∏–Ω–∞ –ø–µ—Ö–æ—Ç—ã, —à–µ—Å—Ç—å –∞–≤—Ç–æ–º–æ–±–∏–ª–µ–π, –±–æ–µ–≤–∞—è –º–∞—à–∏–Ω–∞ –∑–µ–Ω–∏—Ç–Ω–æ–≥–æ —Ä–∞–∫–µ—Ç–Ω–æ–≥–æ –∫–æ–º–ø–ª–µ–∫—Å–∞ ¬´–û—Å–∞¬ª –∏ —Å—Ç–∞–Ω—Ü–∏—è —Ä–∞–¥–∏–æ—ç–ª–µ–∫—Ç—Ä–æ–Ω–Ω–æ–π –±–æ—Ä—å–±—ã ¬´–ù–æ—Ç–∞¬ª.–í —Ö–æ–¥–µ –∫–æ–Ω—Ç—Ä–±–∞—Ç–∞—Ä–µ–π–Ω–æ–π –±–æ—Ä—å–±—ã –ø–æ—Ä–∞–∂–µ–Ω—ã: –±–æ–µ–≤–∞—è –º–∞—à–∏–Ω–∞ –†–°–ó–û HIMARS, –≥–∞—É–±–∏—Ü–∞ –î-20, —Å–∞–º–æ—Ö–æ–¥–Ω–∞—è –∞—Ä—Ç–∏–ª–ª–µ—Ä–∏–π—Å–∫–∞—è —É—Å—Ç–∞–Ω–æ–≤–∫–∞ ¬´–ê–∫–∞—Ü–∏—è¬ª –∏ –≥–∞—É–±–∏—Ü–∞ –î-30.–ü–æ–¥—Ä–∞–∑–¥–µ–ª–µ–Ω–∏—è –≥—Ä—É–ø–ø–∏—Ä–æ–≤–∫–∏ –≤–æ–π—Å–∫ ¬´–ó–∞–ø–∞–¥¬ª –∑–∞–Ω—è–ª–∏ –±–æ–ª–µ–µ –≤—ã–≥–æ–¥–Ω—ã–µ —Ä—É–±–µ–∂–∏ –∏ –Ω–∞–Ω–µ—Å–ª–∏ –ø–æ—Ä–∞–∂–µ–Ω–∏–µ —Ñ–æ—Ä–º–∏—Ä–æ–≤–∞–Ω–∏—è–º –í–°–£ –≤ —Ä–∞–π–æ–Ω–∞—Ö –Ω–∞—Å–µ–ª–µ–Ω–Ω—ã—Ö –ø—É–Ω–∫—Ç–æ–≤ –ù–æ–≤–æ–µ–≥–æ—Ä–æ–≤–∫–∞ –•–∞—Ä—å–∫–æ–≤—Å–∫–æ–π –æ–±–ª–∞—Å—Ç–∏, –°–µ—Ä–µ–±—Ä—è–Ω–∫–∞ –∏ –ì—Ä–∏–≥–æ—Ä–æ–≤–∫–∞ –î–æ–Ω–µ—Ü–∫–æ–π –ù–∞—Ä–æ–¥–Ω–æ–π –†–µ—Å–ø—É–±–ª–∏–∫–∏.–û—Ç—Ä–∞–∑–∏–ª–∏ –∫–æ–Ω—Ç—Ä–∞—Ç–∞–∫—É –í–°–£ –≤ —Ä–∞–π–æ–Ω–µ –Ω–∞—Å–µ–ª–µ–Ω–Ω–æ–≥–æ –ø—É–Ω–∫—Ç–∞ –ß–µ—Ä–≤–æ–Ω–∞—è –î–∏–±—Ä–æ–≤–∞ –õ—É–≥–∞–Ω—Å–∫–æ–π –ù–∞—Ä–æ–¥–Ω–æ–π –†–µ—Å–ø—É–±–ª–∏–∫–∏.–í–°–£ –ø–æ—Ç–µ—Ä—è–ª–∏ –¥–æ 450 –≤–æ–µ–Ω–Ω–æ—Å–ª—É–∂–∞—â–∏—Ö, —Ç–∞–Ω–∫, –¥–≤–µ –±–æ–µ–≤—ã–µ –º–∞—à–∏–Ω—ã –ø–µ—Ö–æ—Ç—ã, –¥–µ–≤—è—Ç—å –∞–≤—Ç–æ–º–æ–±–∏–ª–µ–π, –¥–≤–µ –≥–∞—É–±–∏—Ü—ã –î-20, –∞ —Ç–∞–∫–∂–µ —Å–∞–º–æ—Ö–æ–¥–Ω—É—é –∞—Ä—Ç–∏–ª–ª–µ—Ä–∏–π—Å–∫—É—é —É—Å—Ç–∞–Ω–æ–≤–∫—É ¬´–ì–≤–æ–∑–¥–∏–∫–∞¬ª.–ü–æ–¥—Ä–∞–∑–¥–µ–ª–µ–Ω–∏—è ¬´–Æ–∂–Ω–æ–π¬ª –≥—Ä—É–ø–ø–∏—Ä–æ–≤–∫–∏ –≤–æ–π—Å–∫ —É–ª—É—á—à–∏–ª–∏ –ø–æ–ª–æ–∂–µ–Ω–∏–µ –ø–æ –ø–µ—Ä–µ–¥–Ω–µ–º—É –∫—Ä–∞—é –∏ –Ω–∞–Ω–µ—Å–ª–∏ –ø–æ—Ä–∞–∂–µ–Ω–∏–µ –∂–∏–≤–æ–π —Å–∏–ª–µ –∏ —Ç–µ—Ö–Ω–∏–∫–µ –í–°–£ –≤ —Ä–∞–π–æ–Ω–∞—Ö –Ω–∞—Å–µ–ª–µ–Ω–Ω—ã—Ö –ø—É–Ω–∫—Ç–æ–≤ –ö—Ä–∏–≤–∞—è –õ—É–∫–∞, –ó–∞–ª–∏–∑–Ω—è–Ω—Å–∫–æ–µ, –û—Ä–µ—Ö–æ–≤–æ-–í–∞—Å–∏–ª–µ–≤–∫–∞, –ö–∞–ª–∏–Ω–∏–Ω–æ, –ê–Ω–¥—Ä–µ–µ–≤–∫–∞ –∏ –°–µ–≤–µ—Ä—Å–∫ –î–æ–Ω–µ—Ü–∫–æ–π –ù–∞—Ä–æ–¥–Ω–æ–π –†–µ—Å–ø—É–±–ª–∏–∫–∏.–ü—Ä–æ—Ç–∏–≤–Ω–∏–∫ –ø–æ—Ç–µ—Ä—è–ª –±–æ–ª–µ–µ 660 –≤–æ–µ–Ω–Ω–æ—Å–ª—É–∂–∞—â–∏—Ö, –¥–≤–µ –±–æ–µ–≤—ã–µ –º–∞—à–∏–Ω—ã –ø–µ—Ö–æ—Ç—ã, –≤–æ—Å–µ–º—å –∞–≤—Ç–æ–º–æ–±–∏–ª–µ–π, –¥–≤–µ –≥–∞—É–±–∏—Ü—ã –î-20, –±—É–∫—Å–∏—Ä—É–µ–º—É—é –≥–∞—É–±–∏—Ü—É ¬´–ú—Å—Ç–∞-–ë¬ª, –æ—Ä—É–¥–∏–µ –ú119, –≥–∞—É–±–∏—Ü—É L-119, –∞ —Ç–∞–∫–∂–µ —Å—Ç–∞–Ω—Ü–∏—é —Ä–∞–¥–∏–æ—ç–ª–µ–∫—Ç—Ä–æ–Ω–Ω–æ–π –±–æ—Ä—å–±—ã ¬´–ù–æ—Ç–∞¬ª.–ü–æ–¥—Ä–∞–∑–¥–µ–ª–µ–Ω–∏—è –≥—Ä—É–ø–ø–∏—Ä–æ–≤–∫–∏ –≤–æ–π—Å–∫ ¬´–¶–µ–Ω—Ç—Ä¬ª —É–ª—É—á—à–∏–ª–∏ —Ç–∞–∫—Ç–∏—á–µ—Å–∫–æ–µ –ø–æ–ª–æ–∂–µ–Ω–∏–µ, –∞ —Ç–∞–∫–∂–µ –Ω–∞–Ω–µ—Å–ª–∏ –ø–æ—Ä–∞–∂–µ–Ω–∏–µ —Ñ–æ—Ä–º–∏—Ä–æ–≤–∞–Ω–∏—è–º –í–°–£ –≤ —Ä–∞–π–æ–Ω–∞—Ö –Ω–∞—Å–µ–ª–µ–Ω–Ω—ã—Ö –ø—É–Ω–∫—Ç–æ–≤ –ö–∞—Ä–ª–æ–≤–∫–∞, –ï–≤–≥–µ–Ω–æ–≤–∫–∞, –†–æ–∑–æ–≤–∫–∞, –í–æ–∑–¥–≤–∏–∂–µ–Ω–∫–∞ –∏ –ó–µ–ª–µ–Ω–æ–µ –ü–æ–ª–µ –î–æ–Ω–µ—Ü–∫–æ–π –ù–∞—Ä–æ–¥–Ω–æ–π –†–µ—Å–ø—É–±–ª–∏–∫–∏.–ö—Ä–æ–º–µ —Ç–æ–≥–æ, –æ—Ç—Ä–∞–∑–∏–ª–∏ —à–µ—Å—Ç—å –∫–æ–Ω—Ç—Ä–∞—Ç–∞–∫ –í–°–£ –≤ —Ä–∞–π–æ–Ω–∞—Ö –Ω–∞—Å–µ–ª–µ–Ω–Ω—ã—Ö –ø—É–Ω–∫—Ç–æ–≤ –ù–æ–≤–æ–∞–ª–µ–∫—Å–∞–Ω–¥—Ä–æ–≤–∫–∞, –£–º–∞–Ω—Å–∫–æ–µ, –ù–æ–≤–≥–æ—Ä–æ–¥—Å–∫–æ–µ –∏ –ù–æ–≤–æ–ø–æ–∫—Ä–æ–≤—Å–∫–æ–µ –î–æ–Ω–µ—Ü–∫–æ–π –ù–∞—Ä–æ–¥–Ω–æ–π –†–µ—Å–ø—É–±–ª–∏–∫–∏.–ü–æ—Ç–µ—Ä–∏ –ø—Ä–æ—Ç–∏–≤–Ω–∏–∫–∞ —Å–æ—Å—Ç–∞–≤–∏–ª–∏ –¥–æ 330 –≤–æ–µ–Ω–Ω–æ—Å–ª—É–∂–∞—â–∏—Ö, –¥–≤–µ –±–æ–µ–≤—ã–µ –º–∞—à–∏–Ω—ã –ø–µ—Ö–æ—Ç—ã, –≤ —Ç–æ–º —á–∏—Å–ª–µ –ë–ú–ü Bradley, –∏ –≤–æ—Å–µ–º—å –∞–≤—Ç–æ–º–æ–±–∏–ª–µ–π.–¢–∞–∫–∂–µ –≤ —Ö–æ–¥–µ –∫–æ–Ω—Ç—Ä–±–∞—Ç–∞—Ä–µ–π–Ω–æ–π –±–æ—Ä—å–±—ã –ø–æ—Ä–∞–∂–µ–Ω—ã: –≥–∞—É–±–∏—Ü–∞ –ú777, —Ç—Ä–∏ –≥–∞—É–±–∏—Ü—ã ¬´–ú—Å—Ç–∞-–ë¬ª, –¥–≤–µ —Å–∞–º–æ—Ö–æ–¥–Ω—ã–µ –∞—Ä—Ç–∏–ª–ª–µ—Ä–∏–π—Å–∫–∏–µ —É—Å—Ç–∞–Ω–æ–≤–∫–∏ ¬´–ê–∫–∞—Ü–∏—è¬ª, –≥–∞—É–±–∏—Ü–∞ –î-20, —Ç—Ä–∏ –≥–∞—É–±–∏—Ü—ã –î-30, –¥–≤–∞ –æ—Ä—É–¥–∏—è –ú119.–ü–æ–¥—Ä–∞–∑–¥–µ–ª–µ–Ω–∏—è –≥—Ä—É–ø–ø–∏—Ä–æ–≤–∫–∏ –≤–æ–π—Å–∫ ¬´–í–æ—Å—Ç–æ–∫¬ª –∑–∞–Ω—è–ª–∏ –±–æ–ª–µ–µ –≤—ã–≥–æ–¥–Ω—ã–µ —Ä—É–±–µ–∂–∏ –∏ –Ω–∞–Ω–µ—Å–ª–∏ –ø–æ—Ä–∞–∂–µ–Ω–∏–µ –∂–∏–≤–æ–π —Å–∏–ª–µ –∏ —Ç–µ—Ö–Ω–∏–∫–µ –í–°–£ –≤ —Ä–∞–π–æ–Ω–∞—Ö –Ω–∞—Å–µ–ª–µ–Ω–Ω—ã—Ö –ø—É–Ω–∫—Ç–æ–≤ –£—Ä–æ–∂–∞–π–Ω–æ–µ –∏ –ú–∞–∫–∞—Ä–æ–≤–∫–∞ –î–æ–Ω–µ—Ü–∫–æ–π –ù–∞—Ä–æ–¥–Ω–æ–π –†–µ—Å–ø—É–±–ª–∏–∫–∏. –í–°–£ –ø–æ—Ç–µ—Ä—è–ª–∏ —Å–≤—ã—à–µ 120 –≤–æ–µ–Ω–Ω–æ—Å–ª—É–∂–∞—â–∏—Ö, –±–æ–µ–≤—É—é –±—Ä–æ–Ω–∏—Ä–æ–≤–∞–Ω–Ω—É—é –º–∞—à–∏–Ω—É, —á–µ—Ç—ã—Ä–µ –∞–≤—Ç–æ–º–æ–±–∏–ª—è, –∞ —Ç–∞–∫–∂–µ –≥–∞—É–±–∏—Ü—É –î-30.–ü–æ–¥—Ä–∞–∑–¥–µ–ª–µ–Ω–∏—è –≥—Ä—É–ø–ø–∏—Ä–æ–≤–∫–∏ –≤–æ–π—Å–∫ ¬´–î–Ω–µ–ø—Ä¬ª –Ω–∞–Ω–µ—Å–ª–∏ –ø–æ—Ä–∞–∂–µ–Ω–∏–µ –∂–∏–≤–æ–π —Å–∏–ª–µ –∏ —Ç–µ—Ö–Ω–∏–∫–µ 128-–π –≥–æ—Ä–Ω–æ-—à—Ç—É—Ä–º–æ–≤–æ–π –±—Ä–∏–≥–∞–¥—ã –í–°–£ –∏ 37-–π –±—Ä–∏–≥–∞–¥—ã –º–æ—Ä—Å–∫–æ–π –ø–µ—Ö–æ—Ç—ã –≤ —Ä–∞–π–æ–Ω–∞—Ö –Ω–∞—Å–µ–ª–µ–Ω–Ω—ã—Ö –ø—É–Ω–∫—Ç–æ–≤ –°—Ç–µ–ø–Ω–æ–≥–æ—Ä—Å–∫ –ó–∞–ø–æ—Ä–æ–∂—Å–∫–æ–π –æ–±–ª–∞—Å—Ç–∏ –∏ –¢—è–≥–∏–Ω–∫–∞ –•–µ—Ä—Å–æ–Ω—Å–∫–æ–π –æ–±–ª–∞—Å—Ç–∏.–ü–æ—Ç–µ—Ä–∏ –í–°–£ —Å–æ—Å—Ç–∞–≤–∏–ª–∏ –¥–æ 45 –≤–æ–µ–Ω–Ω–æ—Å–ª—É–∂–∞—â–∏—Ö, –±–æ–µ–≤–∞—è –º–∞—à–∏–Ω–∞ –ø–µ—Ö–æ—Ç—ã, –¥–≤–∞ –∞–≤—Ç–æ–º–æ–±–∏–ª—è, –≥–∞—É–±–∏—Ü–∞ –î-20, –∞ —Ç–∞–∫–∂–µ —Å–∞–º–æ—Ö–æ–¥–Ω–∞—è –∞—Ä—Ç–∏–ª–ª–µ—Ä–∏–π—Å–∫–∞—è —É—Å—Ç–∞–Ω–æ–≤–∫–∞ ¬´–ê–∫–∞—Ü–∏—è¬ª.–°—Ä–µ–¥—Å—Ç–≤–∞–º–∏ –ø—Ä–æ—Ç–∏–≤–æ–≤–æ–∑–¥—É—à–Ω–æ–π –æ–±–æ—Ä–æ–Ω—ã –∑–∞ –ø—Ä–æ—à–µ–¥—à–∏–µ —Å—É—Ç–∫–∏ —Å–±–∏—Ç–æ 62 –±–µ—Å–ø–∏–ª–æ—Ç–Ω—ã—Ö –ª–µ—Ç–∞—Ç–µ–ª—å–Ω—ã—Ö –∞–ø–ø–∞—Ä–∞—Ç–∞, 14 —Ä–µ–∞–∫—Ç–∏–≤–Ω—ã—Ö —Å–Ω–∞—Ä—è–¥–æ–≤ —Å–∏—Å—Ç–µ–º—ã –∑–∞–ª–ø–æ–≤–æ–≥–æ –æ–≥–Ω—è HIMARS –∏ —Ç—Ä–∏ —É–ø—Ä–∞–≤–ª—è–µ–º—ã–µ –∞–≤–∏–∞—Ü–∏–æ–Ω–Ω—ã–µ –±–æ–º–±—ã Hammer.–í—Å–µ–≥–æ —Å –Ω–∞—á–∞–ª–∞ –ø—Ä–æ–≤–µ–¥–µ–Ω–∏—è —Å–ø–µ—Ü–∏–∞–ª—å–Ω–æ–π –≤–æ–µ–Ω–Ω–æ–π –æ–ø–µ—Ä–∞—Ü–∏–∏ —É–Ω–∏—á—Ç–æ–∂–µ–Ω—ã: 607 —Å–∞–º–æ–ª–µ—Ç–æ–≤, 274 –≤–µ—Ä—Ç–æ–ª–µ—Ç–∞, 24964 –±–µ—Å–ø–∏–ª–æ—Ç–Ω—ã—Ö –ª–µ—Ç–∞—Ç–µ–ª—å–Ω—ã—Ö –∞–ø–ø–∞—Ä–∞—Ç–∞, 525 –∑–µ–Ω–∏—Ç–Ω—ã—Ö —Ä–∞–∫–µ—Ç–Ω—ã—Ö –∫–æ–º–ø–ª–µ–∫—Å–æ–≤, 16219 —Ç–∞–Ω–∫–æ–≤ –∏ –¥—Ä—É–≥–∏—Ö –±–æ–µ–≤—ã—Ö –±—Ä–æ–Ω–∏—Ä–æ–≤–∞–Ω–Ω—ã—Ö –º–∞—à–∏–Ω, 1326 –±–æ–µ–≤—ã—Ö –º–∞—à–∏–Ω —Ä–µ–∞–∫—Ç–∏–≤–Ω—ã—Ö —Å–∏—Å—Ç–µ–º –∑–∞–ª–ø–æ–≤–æ–≥–æ –æ–≥–Ω—è, 9998 –æ—Ä—É–¥–∏–π –ø–æ–ª–µ–≤–æ–π –∞—Ä—Ç–∏–ª–ª–µ—Ä–∏–∏ –∏ –º–∏–Ω–æ–º–µ—Ç–æ–≤, –∞ —Ç–∞–∫–∂–µ 22182 –µ–¥–∏–Ω–∏—Ü—ã —Å–ø–µ—Ü–∏–∞–ª—å–Ω–æ–π –≤–æ–µ–Ω–Ω–æ–π –∞–≤—Ç–æ–º–æ–±–∏–ª—å–Ω–æ–π —Ç–µ—Ö–Ω–∏–∫–∏.",,
https://kostroma.today/news/kostromich-ne-smog-soblaznit-inspektora-dazhe-za-100-tysyach/,2024-06-02 01:16:26.911773,2024-02-20 11:00:37+03:00,–ö–æ—Å—Ç—Ä–æ–º–∏—á –Ω–µ —Å–º–æ–≥ —Å–æ–±–ª–∞–∑–Ω–∏—Ç—å –∏–Ω—Å–ø–µ–∫—Ç–æ—Ä–∞ –¥–∞–∂–µ –∑–∞ 100 —Ç—ã—Å—è—á,"–û–Ω –Ω–µ —Å–º–æ–≥ –¥–∞—Ç—å –≤–∑—è—Ç–∫—É.–ö–æ—Å—Ç—Ä–æ–º–∏—á –Ω–∞—Å—Ç–æ–π—á–∏–≤–æ –ø—ã—Ç–∞–ª—Å—è –¥–∞—Ç—å –≤–∑—è—Ç–∫—É —Å–æ—Ç—Ä—É–¥–Ω–∏–∫–∞–º –ì–ò–ë–î–î, —É–∑–Ω–∞–ª KOSTROMA.TODAY.–ü–æ –∏–Ω—Ñ–æ—Ä–º–∞—Ü–∏–∏ –ø—Ä–µ—Å—Å-—Å–ª—É–∂–±—ã —Ä–µ–≥–∏–æ–Ω–∞–ª—å–Ω–æ–≥–æ –£–ì–ò–ë–î–î, –º—É–∂—á–∏–Ω—É –æ—Å—Ç–∞–Ω–æ–≤–∏–ª–∏ –ø–æ–ª–∏—Ü–µ–π—Å–∫–∏–µ –≤ –Ω–æ—á—å –Ω–∞ 7 —è–Ω–≤–∞—Ä—è. –í–æ–¥–∏—Ç–µ–ª—å –æ—Å—Ç–∞–Ω–æ–≤–∏–ª—Å—è –Ω–µ —Å—Ä–∞–∑—É ‚Äî –Ω–∞ —Ç–æ –±—ã–ª–∞ –ø—Ä–∏—á–∏–Ω–∞. –ò–Ω—Å–ø–µ–∫—Ç–æ—Ä—ã –ø–æ—á—É–≤—Å—Ç–≤–æ–≤–∞–ª–∏ —Å–∏–ª—å–Ω—ã–π –∑–∞–ø–∞—Ö —Å–ø–∏—Ä—Ç–Ω–æ–≥–æ.–û–¥–Ω–∞–∫–æ –∫–æ—Å—Ç—Ä–æ–º–∏—á –æ—Ç–∫–∞–∑–∞–ª—Å—è –ø—Ä–æ—Ö–æ–¥–∏—Ç—å –º–µ–¥–æ—Å–≤–∏–¥–µ—Ç–µ–ª—å—Å—Ç–≤–æ–≤–∞–Ω–∏–µ. –ü–æ –ø—É—Ç–∏ –≤ –±–æ–ª—å–Ω–∏—Ü—É –æ–Ω —Å—Ç–∞–ª –Ω–∞—Å—Ç–æ–π—á–∏–≤–æ –ø—Ä–µ–¥–ª–∞–≥–∞—Ç—å —Ä–µ—à–∏—Ç—å –≤–æ–ø—Ä–æ—Å –±–µ–∑ –ø—Ä–æ—Ç–æ–∫–æ–ª–∞. –ó–∞ —ç—Ç–æ –æ–Ω –ø–æ–æ–±–µ—â–∞–ª 100 —Ç—ã—Å—è—á —Ä—É–±–ª–µ–π. –ù–∞ —á—Ç–æ –ø–æ–ª—É—á–∏–ª –æ—Ç–∫–∞–∑.‚Äú–ü–æ—Å–ª–µ —É—Å—Ç–∞–Ω–æ–≤–ª–µ–Ω–∏—è —Ñ–∞–∫—Ç–∞ –æ–ø—å—è–Ω–µ–Ω–∏—è, –≤ –æ—Ç–Ω–æ—à–µ–Ω–∏–∏ –º—É–∂—á–∏–Ω—ã –±—ã–ª —Å–æ—Å—Ç–∞–≤–ª–µ–Ω –∞–¥–º–∏–Ω–∏—Å—Ç—Ä–∞—Ç–∏–≤–Ω—ã–π –ø—Ä–æ—Ç–æ–∫–æ–ª –æ –ø—Ä–∞–≤–æ–Ω–∞—Ä—É—à–µ–Ω–∏–∏, –ø—Ä–µ–¥—É—Å–º–æ—Ç—Ä–µ–Ω–Ω–æ–º —á.1 —Å—Ç. 12.8 –ö–æ–ê–ü –†–§. –°–ª–µ–¥–æ–º –∑–∞ —ç—Ç–∏–º, –∞–≤—Ç–æ–∏–Ω—Å–ø–µ–∫—Ç–æ—Ä—ã —Å–æ–æ–±—â–∏–ª–∏ –æ –ø—Ä–µ–¥–ª–æ–∂–µ–Ω–∏–∏ –∫–æ—Å—Ç—Ä–æ–º–∏—á–∞ —Å–≤–æ–µ–º—É —Ä—É–∫–æ–≤–æ–¥—Å—Ç–≤—É‚Äù, ‚Äî –≥–æ–≤–æ—Ä–∏—Ç—Å—è –≤ —Å–æ–æ–±—â–µ–Ω–∏–∏.–ü—Ä–æ—Ç–∏–≤ –º—É–∂—á–∏–Ω—ã –≤–æ–∑–±—É–¥–∏–ª–∏ —É–≥–æ–ª–æ–≤–Ω–æ–µ –¥–µ–ª–æ.",–ï–ª–∏–∑–∞–≤–µ—Ç–∞ –í–ò–®–ù–ï–í–°–ö–ê–Ø,
